DUB	RNAseq	PubMed_papers	fraction_cell_lines_dependent_on_DUB	enriched_lineages	DepMap_coDependency	DepMap_correlation	Biogrid	IntAct	NURSA	PathwayCommons	PPID_support	GO_enriched_in_codependencies	pvalue	p.adjust	qvalue	geneID	CCLE_Proteomics_correlation	CCLE_Proteomics_p_adj	CCLE_Proteomics_z_score	CCLE_Proteomics_z_score_sig	CMAP_Score	CMAP_Perturbation_Type	all_data
ATXN3	notscreened	664	0.01	link	TP53	0.262	yes	no	no	yes	yes	none significant	NA	NA	NA	NA	0.03925219	0.580669407112773	0.127738375463986	FALSE	NA	NA	link
ATXN3	notscreened	664	0.01	link	DUPD1	0.257	no	no	no	no	no	none significant	NA	NA	NA	NA	NA	NA	NA	NA	NA	NA	link
ATXN3	notscreened	664	0.01	link	PPM1D	-0.251	no	no	no	no	no	none significant	NA	NA	NA	NA	-0.0157241	0.902184761221287	-0.175099597902539	FALSE	NA	NA	link
ATXN3	notscreened	664	0.01	link	HIVEP2	0.237	no	no	no	no	no	none significant	NA	NA	NA	NA	0.04732238	0.567891971091363	0.17219317560206	FALSE	NA	NA	link
ATXN3	notscreened	664	0.01	link	RMDN3	0.237	no	no	no	no	no	none significant	NA	NA	NA	NA	-0.1741277	0.00298713310422108	-1.04766894003097	FALSE	NA	NA	link
ATXN3	notscreened	664	0.01	link	NDUFA9	0.235	no	no	no	no	no	none significant	NA	NA	NA	NA	-0.1902295	0.00104841154872735	-1.13636602161929	FALSE	NA	NA	link
ATXN3	notscreened	664	0.01	link	KRT2	0.23	no	no	no	no	no	none significant	NA	NA	NA	NA	NA	NA	NA	NA	NA	NA	link
BAP1	link	1,094	0.76	link	UBE2E3	-0.199	no	no	no	no	no	GO_HISTONE_METHYLTRANSFERASE_COMPLEX	3.44e-06	0.000768143	0.000322703	NCOA6/KMT2C/KANSL1	-0.157509681964966	0.119144959896325	-0.956128261256572	FALSE	NA	NA	link
BAP1	link	1,094	0.76	link	NCOA6	0.193	no	no	yes	no	yes	GO_HISTONE_METHYLTRANSFERASE_COMPLEX	3.44e-06	0.000768143	0.000322703	NCOA6/KMT2C/KANSL1	-0.0446097297592721	0.518119078560473	-0.334216656833103	FALSE	NA	NA	link
BAP1	link	1,094	0.76	link	PTPN1	0.189	no	no	no	no	no	GO_HISTONE_METHYLTRANSFERASE_COMPLEX	3.44e-06	0.000768143	0.000322703	NCOA6/KMT2C/KANSL1	0.17935464935634	0.00187188170187046	0.899495524866756	FALSE	NA	NA	link
BAP1	link	1,094	0.76	link	KMT2C	0.187	yes	no	no	no	yes	GO_HISTONE_METHYLTRANSFERASE_COMPLEX	3.44e-06	0.000768143	0.000322703	NCOA6/KMT2C/KANSL1	0.161982017145587	0.00551617295508715	0.803798039082494	FALSE	NA	NA	link
BAP1	link	1,094	0.76	link	KANSL1	0.178	no	no	no	no	no	GO_HISTONE_METHYLTRANSFERASE_COMPLEX	3.44e-06	0.000768143	0.000322703	NCOA6/KMT2C/KANSL1	0.350535144673787	8.90784274776605e-11	1.84244664582842	FALSE	NA	NA	link
BAP1	link	1,094	0.76	link	ASXL1	0.171	yes	yes	yes	yes	yes	GO_HISTONE_METHYLTRANSFERASE_COMPLEX	3.44e-06	0.000768143	0.000322703	NCOA6/KMT2C/KANSL1	0.314531598344984	3.25038894622168e-07	1.64412040365707	FALSE	NA	NA	link
BAP1	link	1,094	0.76	link	PPP4R2	0.167	no	no	no	no	no	GO_HISTONE_METHYLTRANSFERASE_COMPLEX	3.44e-06	0.000768143	0.000322703	NCOA6/KMT2C/KANSL1	0.104019863250405	0.0919336986089331	0.484512375797911	FALSE	NA	NA	link
BRCC3	link	65	0	link	SPANXN5	0.222	no	no	no	no	no	GO_BRISC_COMPLEX	5.55e-07	0.000219934	8.54e-05	BABAM1/ABRAXAS2	NA	NA	NA	NA	NA	NA	link
BRCC3	link	65	0	link	BABAM1	0.209	yes	yes	yes	yes	yes	GO_BRISC_COMPLEX	5.55e-07	0.000219934	8.54e-05	BABAM1/ABRAXAS2	0.4590234	3.49381236375669e-19	2.44005633133213	TRUE	NA	NA	link
BRCC3	link	65	0	link	ABL1	0.206	no	no	no	no	no	GO_BRISC_COMPLEX	5.55e-07	0.000219934	8.54e-05	BABAM1/ABRAXAS2	0.07963012	0.225921394815147	0.350160996014326	FALSE	NA	NA	link
BRCC3	link	65	0	link	AFF2	0.204	no	no	no	no	no	GO_BRISC_COMPLEX	5.55e-07	0.000219934	8.54e-05	BABAM1/ABRAXAS2	NA	NA	NA	NA	NA	NA	link
BRCC3	link	65	0	link	ABRAXAS2	0.199	no	yes	no	yes	yes	GO_BRISC_COMPLEX	5.55e-07	0.000219934	8.54e-05	BABAM1/ABRAXAS2	NA	NA	NA	NA	NA	NA	link
BRCC3	link	65	0	link	RHOXF2	0.196	no	no	no	no	no	GO_BRISC_COMPLEX	5.55e-07	0.000219934	8.54e-05	BABAM1/ABRAXAS2	NA	NA	NA	NA	NA	NA	link
BRCC3	link	65	0	link	C12orf73	0.194	no	no	no	no	no	GO_BRISC_COMPLEX	5.55e-07	0.000219934	8.54e-05	BABAM1/ABRAXAS2	-0.03825078	0.623597870215213	-0.299188257175041	FALSE	NA	NA	link
COPS5	link	310	1	link	COPS4	0.315	yes	yes	no	yes	yes	GO_PROTEIN_DENEDDYLATION	2.27e-20	1.63e-18	8.12e-19	COPS4/COPS3/COPS8/COPS6/GPS1/COPS2	0.8321041	2.49747580863415e-94	4.49517869572166	TRUE	NA	NA	link
COPS5	link	310	1	link	COPS3	0.301	yes	yes	yes	yes	yes	GO_PROTEIN_DENEDDYLATION	2.27e-20	1.63e-18	8.12e-19	COPS4/COPS3/COPS8/COPS6/GPS1/COPS2	0.7951249	8.81815401761702e-80	4.29147804613771	TRUE	NA	NA	link
COPS5	link	310	1	link	COPS8	0.3	yes	yes	no	yes	yes	GO_PROTEIN_DENEDDYLATION	2.27e-20	1.63e-18	8.12e-19	COPS4/COPS3/COPS8/COPS6/GPS1/COPS2	0.2956457	5.77115148392316e-08	1.54008706164725	FALSE	NA	NA	link
COPS5	link	310	1	link	COPS6	0.271	yes	yes	no	yes	yes	GO_PROTEIN_DENEDDYLATION	2.27e-20	1.63e-18	8.12e-19	COPS4/COPS3/COPS8/COPS6/GPS1/COPS2	0.7789471	2.40257593090485e-74	4.20236231705652	TRUE	NA	NA	link
COPS5	link	310	1	link	CAND1	0.26	yes	no	no	yes	yes	GO_PROTEIN_DENEDDYLATION	2.27e-20	1.63e-18	8.12e-19	COPS4/COPS3/COPS8/COPS6/GPS1/COPS2	0.4528717	1.23522914862433e-18	2.40616957104403	TRUE	NA	NA	link
COPS5	link	310	1	link	GPS1	0.254	yes	yes	no	yes	yes	GO_PROTEIN_DENEDDYLATION	2.27e-20	1.63e-18	8.12e-19	COPS4/COPS3/COPS8/COPS6/GPS1/COPS2	0.7073494	6.06074885957764e-55	3.80796498020996	TRUE	NA	NA	link
COPS5	link	310	1	link	COPS2	0.242	yes	yes	no	yes	yes	GO_PROTEIN_DENEDDYLATION	2.27e-20	1.63e-18	8.12e-19	COPS4/COPS3/COPS8/COPS6/GPS1/COPS2	0.7519275	3.10322787801322e-66	4.05352431970941	TRUE	NA	NA	link
COPS6	notscreened	33	1	link	RAN	0.357	no	no	no	no	no	none significant	NA	NA	NA	NA	0.2049726	0.000307441671359815	1.04061250920182	FALSE	NA	NA	link
COPS6	notscreened	33	1	link	PMPCB	0.343	no	no	no	no	no	none significant	NA	NA	NA	NA	0.03334032	0.640801412002476	0.0951727234418806	FALSE	NA	NA	link
COPS6	notscreened	33	1	link	BUB3	0.335	no	no	no	no	no	none significant	NA	NA	NA	NA	-0.3100876	1.04661830572968e-08	-1.79660671984688	FALSE	NA	NA	link
COPS6	notscreened	33	1	link	HSPE1	0.329	no	no	no	no	no	none significant	NA	NA	NA	NA	-0.392585	8.0006644076695e-14	-2.2510452682467	TRUE	NA	NA	link
COPS6	notscreened	33	1	link	OR2A25	0.325	no	no	no	no	no	none significant	NA	NA	NA	NA	NA	NA	NA	NA	NA	NA	link
COPS6	notscreened	33	1	link	SRRT	0.312	no	no	no	no	no	none significant	NA	NA	NA	NA	-0.1697505	0.00344917077330809	-1.02355704784945	FALSE	NA	NA	link
COPS6	notscreened	33	1	link	RNPC3	0.299	no	no	no	no	no	none significant	NA	NA	NA	NA	-0.3188911	3.51724806493809e-09	-1.84510097252439	FALSE	NA	NA	link
CYLD	link	635	0.05	link	N4BP1	0.466	no	no	no	no	no	GO_TOLL_LIKE_RECEPTOR_SIGNALING_PATHWAY	4.87e-10	2.23e-07	4.52e-08	TRAF3/NFKBIA/TNFAIP3/BCL10/CHUK	0.323075	1.40232385287965e-07	1.69118189949212	FALSE	NA	NA	link
CYLD	link	635	0.05	link	TRAF3	0.383	no	no	no	no	no	GO_TOLL_LIKE_RECEPTOR_SIGNALING_PATHWAY	4.87e-10	2.23e-07	4.52e-08	TRAF3/NFKBIA/TNFAIP3/BCL10/CHUK	0.1123103	0.136324428620206	0.530180409482445	FALSE	99.44	kd	link
CYLD	link	635	0.05	link	NFKBIA	0.283	no	no	no	no	no	GO_TOLL_LIKE_RECEPTOR_SIGNALING_PATHWAY	4.87e-10	2.23e-07	4.52e-08	TRAF3/NFKBIA/TNFAIP3/BCL10/CHUK	0.1365114	0.121872331159046	0.663492644215648	FALSE	90.25	oe	link
CYLD	link	635	0.05	link	TNFAIP3	0.272	no	no	no	no	no	GO_TOLL_LIKE_RECEPTOR_SIGNALING_PATHWAY	4.87e-10	2.23e-07	4.52e-08	TRAF3/NFKBIA/TNFAIP3/BCL10/CHUK	0.135621	0.0704514311417233	0.658587858325484	FALSE	-94.74	oe	link
CYLD	link	635	0.05	link	TRAF2	0.242	yes	no	no	yes	yes	GO_TOLL_LIKE_RECEPTOR_SIGNALING_PATHWAY	4.87e-10	2.23e-07	4.52e-08	TRAF3/NFKBIA/TNFAIP3/BCL10/CHUK	0.2518121	6.91063944973094e-05	1.29862881502204	FALSE	99.91	oe	link
CYLD	link	635	0.05	link	BCL10	-0.233	no	no	no	no	no	GO_TOLL_LIKE_RECEPTOR_SIGNALING_PATHWAY	4.87e-10	2.23e-07	4.52e-08	TRAF3/NFKBIA/TNFAIP3/BCL10/CHUK	0.2355656	0.000221727734291112	1.20913465064137	FALSE	99.95	oe	link
CYLD	link	635	0.05	link	CHUK	-0.231	no	no	no	no	no	GO_TOLL_LIKE_RECEPTOR_SIGNALING_PATHWAY	4.87e-10	2.23e-07	4.52e-08	TRAF3/NFKBIA/TNFAIP3/BCL10/CHUK	0.2664669	2.23497289109297e-05	1.37935506868688	FALSE	NA	NA	link
EIF3F	notscreened	73	0.98	link	RPLP2	0.396	no	no	no	no	no	GO_TRANSLATIONAL_INITIATION	6.15e-10	2.77e-08	1.94e-09	RPLP2/EIF3H/EIF3M/EIF3G/RPS3A	0.4283668	1.47306813328521e-16	2.27118384804327	TRUE	NA	NA	link
EIF3F	notscreened	73	0.98	link	RPS13	0.388	no	no	no	yes	yes	GO_TRANSLATIONAL_INITIATION	6.15e-10	2.77e-08	1.94e-09	RPLP2/EIF3H/EIF3M/EIF3G/RPS3A	-0.02787201	0.701800925962543	-0.242016598759435	FALSE	NA	NA	link
EIF3F	notscreened	73	0.98	link	FAU	0.385	no	no	no	yes	yes	GO_TRANSLATIONAL_INITIATION	6.15e-10	2.77e-08	1.94e-09	RPLP2/EIF3H/EIF3M/EIF3G/RPS3A	0.1419312	0.0182007092777279	0.693347718977002	FALSE	NA	NA	link
EIF3F	notscreened	73	0.98	link	EIF3H	0.369	yes	yes	yes	yes	yes	GO_TRANSLATIONAL_INITIATION	6.15e-10	2.77e-08	1.94e-09	RPLP2/EIF3H/EIF3M/EIF3G/RPS3A	0.2859496	1.72000395239835e-07	1.48667590433636	FALSE	NA	NA	link
EIF3F	notscreened	73	0.98	link	EIF3M	0.367	yes	yes	no	yes	yes	GO_TRANSLATIONAL_INITIATION	6.15e-10	2.77e-08	1.94e-09	RPLP2/EIF3H/EIF3M/EIF3G/RPS3A	0.2490872	7.36173999166867e-06	1.28361864984672	FALSE	NA	NA	link
EIF3F	notscreened	73	0.98	link	EIF3G	0.329	yes	yes	no	yes	yes	GO_TRANSLATIONAL_INITIATION	6.15e-10	2.77e-08	1.94e-09	RPLP2/EIF3H/EIF3M/EIF3G/RPS3A	0.6064095	1.984560531173e-36	3.25193555829335	TRUE	NA	NA	link
EIF3F	notscreened	73	0.98	link	RPS3A	0.312	no	no	no	yes	yes	GO_TRANSLATIONAL_INITIATION	6.15e-10	2.77e-08	1.94e-09	RPLP2/EIF3H/EIF3M/EIF3G/RPS3A	-0.01349423	0.861129962477145	-0.162816315206111	FALSE	NA	NA	link
EIF3H	notscreened	55	0.96	link	EIF3F	0.369	yes	yes	yes	yes	yes	GO_FORMATION_OF_CYTOPLASMIC_TRANSLATION_INITIATION_COMPLEX	1.12e-08	3.09e-06	8.14e-07	EIF3F/EIF3M/EIF3E	0.2859496	1.72000395239835e-07	1.48667590433636	FALSE	NA	NA	link
EIF3H	notscreened	55	0.96	link	EIF3M	0.367	yes	yes	no	yes	yes	GO_FORMATION_OF_CYTOPLASMIC_TRANSLATION_INITIATION_COMPLEX	1.12e-08	3.09e-06	8.14e-07	EIF3F/EIF3M/EIF3E	0.8202141	2.74111916132093e-89	4.4296823971659	TRUE	NA	NA	link
EIF3H	notscreened	55	0.96	link	EIF3E	0.347	yes	yes	no	yes	yes	GO_FORMATION_OF_CYTOPLASMIC_TRANSLATION_INITIATION_COMPLEX	1.12e-08	3.09e-06	8.14e-07	EIF3F/EIF3M/EIF3E	0.8866054	5.65467008996316e-124	4.79540017734294	TRUE	NA	NA	link
EIF3H	notscreened	55	0.96	link	UTP23	0.289	no	no	no	no	no	GO_FORMATION_OF_CYTOPLASMIC_TRANSLATION_INITIATION_COMPLEX	1.12e-08	3.09e-06	8.14e-07	EIF3F/EIF3M/EIF3E	0.07415447	0.250877668162592	0.319998270430908	FALSE	NA	NA	link
EIF3H	notscreened	55	0.96	link	RAD21	0.262	no	no	no	no	no	GO_FORMATION_OF_CYTOPLASMIC_TRANSLATION_INITIATION_COMPLEX	1.12e-08	3.09e-06	8.14e-07	EIF3F/EIF3M/EIF3E	-0.1797818	0.00182012569183555	-1.07881466094469	FALSE	NA	NA	link
EIF3H	notscreened	55	0.96	link	MED30	0.234	no	no	no	no	no	GO_FORMATION_OF_CYTOPLASMIC_TRANSLATION_INITIATION_COMPLEX	1.12e-08	3.09e-06	8.14e-07	EIF3F/EIF3M/EIF3E	-0.2617935	2.91622658429074e-06	-1.53057772135388	FALSE	NA	NA	link
EIF3H	notscreened	55	0.96	link	RPS3	0.234	no	no	yes	yes	yes	GO_FORMATION_OF_CYTOPLASMIC_TRANSLATION_INITIATION_COMPLEX	1.12e-08	3.09e-06	8.14e-07	EIF3F/EIF3M/EIF3E	0.7135835	2.17558019070909e-56	3.84230564251664	TRUE	NA	NA	link
JOSD1	link	6	0.09	link	TM2D2	0.275	no	no	no	no	no	none significant	NA	NA	NA	NA	NA	NA	NA	NA	NA	NA	link
JOSD1	link	6	0.09	link	C22orf23	0.274	no	no	no	no	no	none significant	NA	NA	NA	NA	NA	NA	NA	NA	NA	NA	link
JOSD1	link	6	0.09	link	DNAL4	0.257	no	no	no	no	no	none significant	NA	NA	NA	NA	0.1386371	0.231990412252625	0.67520210442086	FALSE	NA	NA	link
JOSD1	link	6	0.09	link	SUN2	0.251	no	no	no	no	no	none significant	NA	NA	NA	NA	0.1782662	0.0414830628716177	0.893499780206902	FALSE	NA	NA	link
JOSD1	link	6	0.09	link	TEX33	0.242	no	no	no	no	no	none significant	NA	NA	NA	NA	NA	NA	NA	NA	NA	NA	link
JOSD1	link	6	0.09	link	ARVCF	0.233	no	no	no	no	no	none significant	NA	NA	NA	NA	0.2641617	0.00143673058936191	1.36665682920574	FALSE	NA	NA	link
JOSD1	link	6	0.09	link	FOXRED2	0.233	no	no	no	no	no	none significant	NA	NA	NA	NA	NA	NA	NA	NA	NA	NA	link
JOSD2	link	3	NA	link	NA	NA	no	no	no	no	no	none significant	NA	NA	NA	NA	NA	NA	NA	NA	NA	NA	link
MINDY1	notscreened	3	0.23	link	CIART	0.385	no	no	no	no	no	none significant	NA	NA	NA	NA	NA	NA	NA	NA	NA	NA	link
MINDY1	notscreened	3	0.23	link	CTSK	0.349	no	no	no	no	no	none significant	NA	NA	NA	NA	NA	NA	NA	NA	NA	NA	link
MINDY1	notscreened	3	0.23	link	HIST2H2AB	0.328	no	no	no	no	no	none significant	NA	NA	NA	NA	0.008812349	0.925260990538644	-0.0399400866155625	FALSE	NA	NA	link
MINDY1	notscreened	3	0.23	link	CD48	0.318	no	no	no	no	no	none significant	NA	NA	NA	NA	NA	NA	NA	NA	NA	NA	link
MINDY1	notscreened	3	0.23	link	TNFAIP8L2	0.313	no	no	no	no	no	none significant	NA	NA	NA	NA	NA	NA	NA	NA	NA	NA	link
MINDY1	notscreened	3	0.23	link	GABPB2	0.312	no	no	no	no	no	none significant	NA	NA	NA	NA	0.1928354	0.0303549156679882	0.973754504590296	FALSE	NA	NA	link
MINDY1	notscreened	3	0.23	link	THBS3	0.31	no	no	no	no	no	none significant	NA	NA	NA	NA	-0.05906464	0.621248238152316	-0.413841813832549	FALSE	NA	NA	link
MINDY2	notscreened	3	0.49	link	NBEAL1	0.28	no	no	no	no	no	none significant	NA	NA	NA	NA	-0.03525225	0.735513274692497	-0.282670795769793	FALSE	NA	NA	link
MINDY2	notscreened	3	0.49	link	FOXD4	0.279	no	no	no	no	no	none significant	NA	NA	NA	NA	NA	NA	NA	NA	NA	NA	link
MINDY2	notscreened	3	0.49	link	TSPYL5	0.278	no	no	no	no	no	none significant	NA	NA	NA	NA	-0.09467323	0.210946420705381	-0.609992431308547	FALSE	NA	NA	link
MINDY2	notscreened	3	0.49	link	CNIH4	0.27	no	no	no	no	no	none significant	NA	NA	NA	NA	0.06426731	0.42030454312278	0.265534655357017	FALSE	NA	NA	link
MINDY2	notscreened	3	0.49	link	KCNMB1	0.248	no	no	no	no	no	none significant	NA	NA	NA	NA	NA	NA	NA	NA	NA	NA	link
MINDY2	notscreened	3	0.49	link	JAZF1	0.247	no	no	no	no	no	none significant	NA	NA	NA	NA	NA	NA	NA	NA	NA	NA	link
MINDY2	notscreened	3	0.49	link	PRSS37	0.242	no	no	no	no	no	none significant	NA	NA	NA	NA	NA	NA	NA	NA	NA	NA	link
MINDY3	notscreened	0	NA	link	NA	NA	no	no	no	no	no	none significant	NA	NA	NA	NA	NA	NA	NA	NA	NA	NA	link
MINDY4	notscreened	1	NA	link	NA	NA	no	no	no	no	no	none significant	NA	NA	NA	NA	NA	NA	NA	NA	NA	NA	link
MPND	link	11	0.05	link	CATSPERD	0.298	no	no	no	no	no	none significant	NA	NA	NA	NA	NA	NA	NA	NA	NA	NA	link
MPND	link	11	0.05	link	PLIN4	0.268	no	no	no	no	no	none significant	NA	NA	NA	NA	NA	NA	NA	NA	NA	NA	link
MPND	link	11	0.05	link	ZNF446	0.253	no	no	no	no	no	none significant	NA	NA	NA	NA	0.1966658	0.0528804356895073	0.994854338231001	FALSE	NA	NA	link
MPND	link	11	0.05	link	FUT5	0.251	no	no	no	no	no	none significant	NA	NA	NA	NA	NA	NA	NA	NA	NA	NA	link
MPND	link	11	0.05	link	EBI3	0.241	no	no	no	no	no	none significant	NA	NA	NA	NA	NA	NA	NA	NA	NA	NA	link
MPND	link	11	0.05	link	NMRK2	0.239	no	no	no	no	no	none significant	NA	NA	NA	NA	NA	NA	NA	NA	NA	NA	link
MPND	link	11	0.05	link	S1PR4	0.235	no	no	no	no	no	none significant	NA	NA	NA	NA	NA	NA	NA	NA	NA	NA	link
MYSM1	link	45	NA	link	NA	NA	no	no	no	no	no	none significant	NA	NA	NA	NA	NA	NA	NA	NA	NA	NA	link
OTUB1	link	94	0.03	link	UBE2D3	0.351	yes	yes	no	yes	yes	GO_PROTEIN_K11_LINKED_UBIQUITINATION	7.11e-08	8.6e-06	3.29e-06	UBE2D3/UBE2D2/UBE2C	NA	NA	NA	NA	NA	NA	link
OTUB1	link	94	0.03	link	UBE2D2	0.259	yes	yes	no	yes	yes	GO_PROTEIN_K11_LINKED_UBIQUITINATION	7.11e-08	8.6e-06	3.29e-06	UBE2D3/UBE2D2/UBE2C	0.4291664	2.32778138724147e-14	2.27558846034985	TRUE	NA	NA	link
OTUB1	link	94	0.03	link	UBR4	0.218	no	no	no	no	no	GO_PROTEIN_K11_LINKED_UBIQUITINATION	7.11e-08	8.6e-06	3.29e-06	UBE2D3/UBE2D2/UBE2C	0.4941925	1.49939578449454e-22	2.6337860095102	TRUE	NA	NA	link
OTUB1	link	94	0.03	link	BTG1	0.216	no	no	no	no	no	GO_PROTEIN_K11_LINKED_UBIQUITINATION	7.11e-08	8.6e-06	3.29e-06	UBE2D3/UBE2D2/UBE2C	NA	NA	NA	NA	NA	NA	link
OTUB1	link	94	0.03	link	MDM4	0.212	no	no	no	no	no	GO_PROTEIN_K11_LINKED_UBIQUITINATION	7.11e-08	8.6e-06	3.29e-06	UBE2D3/UBE2D2/UBE2C	NA	NA	NA	NA	NA	NA	link
OTUB1	link	94	0.03	link	MS4A10	0.209	no	no	no	no	no	GO_PROTEIN_K11_LINKED_UBIQUITINATION	7.11e-08	8.6e-06	3.29e-06	UBE2D3/UBE2D2/UBE2C	NA	NA	NA	NA	NA	NA	link
OTUB1	link	94	0.03	link	UBE2C	0.189	no	no	no	no	no	GO_PROTEIN_K11_LINKED_UBIQUITINATION	7.11e-08	8.6e-06	3.29e-06	UBE2D3/UBE2D2/UBE2C	0.2520362	7.35680375520903e-06	1.29986327427405	FALSE	NA	NA	link
OTUB2	link	18	NA	link	NA	NA	no	no	no	no	no	none significant	NA	NA	NA	NA	NA	NA	NA	NA	NA	NA	link
OTUD1	link	16	NA	link	NA	NA	no	no	no	no	no	none significant	NA	NA	NA	NA	NA	NA	NA	NA	NA	NA	link
OTUD3	notscreened	15	0.01	link	ASGR1	0.244	no	no	no	no	no	none significant	NA	NA	NA	NA	NA	NA	NA	NA	NA	NA	link
OTUD3	notscreened	15	0.01	link	MAP3K2	0.237	no	no	no	no	no	none significant	NA	NA	NA	NA	-0.04153997	0.635008434162301	-0.317306824899735	FALSE	NA	NA	link
OTUD3	notscreened	15	0.01	link	AAED1	0.234	no	no	no	no	no	none significant	NA	NA	NA	NA	-0.08005816	0.540582334970612	-0.529485031129125	FALSE	NA	NA	link
OTUD3	notscreened	15	0.01	link	CAMK2N1	0.222	no	no	no	no	no	none significant	NA	NA	NA	NA	NA	NA	NA	NA	NA	NA	link
OTUD3	notscreened	15	0.01	link	FBXO6	0.218	no	no	no	no	no	none significant	NA	NA	NA	NA	-0.09060523	0.283681745891418	-0.587583773400655	FALSE	NA	NA	link
OTUD3	notscreened	15	0.01	link	ABTB2	0.215	no	no	no	no	no	none significant	NA	NA	NA	NA	NA	NA	NA	NA	NA	NA	link
OTUD3	notscreened	15	0.01	link	KLHL21	0.212	no	no	no	no	no	none significant	NA	NA	NA	NA	NA	NA	NA	NA	NA	NA	link
OTUD4	link	20	NA	link	NA	NA	no	no	no	no	no	none significant	NA	NA	NA	NA	NA	NA	NA	NA	NA	NA	link
OTUD5	link	11	0.48	link	UBR5	0.773	no	no	no	no	no	GO_HISTONE_H2A_K63_LINKED_UBIQUITINATION	1.17e-06	0.000539891	0.000236897	UBR5/TRIP12	-0.1148075	0.066746956062513	-0.72090245310184	FALSE	NA	NA	link
OTUD5	link	11	0.48	link	TRIP12	0.284	no	no	no	no	no	GO_HISTONE_H2A_K63_LINKED_UBIQUITINATION	1.17e-06	0.000539891	0.000236897	UBR5/TRIP12	-0.2586235	5.30461418861673e-06	-1.51311571408544	FALSE	NA	NA	link
OTUD5	link	11	0.48	link	HIRA	0.218	no	no	no	no	no	GO_HISTONE_H2A_K63_LINKED_UBIQUITINATION	1.17e-06	0.000539891	0.000236897	UBR5/TRIP12	-0.227096	8.1955837230195e-05	-1.33944586103946	FALSE	NA	NA	link
OTUD5	link	11	0.48	link	VCPIP1	0.217	no	no	no	no	no	GO_HISTONE_H2A_K63_LINKED_UBIQUITINATION	1.17e-06	0.000539891	0.000236897	UBR5/TRIP12	0.003707916	0.964281858309665	-0.0680579560626498	FALSE	NA	NA	link
OTUD5	link	11	0.48	link	FBXW7	0.201	no	no	no	no	no	GO_HISTONE_H2A_K63_LINKED_UBIQUITINATION	1.17e-06	0.000539891	0.000236897	UBR5/TRIP12	NA	NA	NA	NA	NA	NA	link
OTUD5	link	11	0.48	link	CYBA	-0.197	no	no	no	no	no	GO_HISTONE_H2A_K63_LINKED_UBIQUITINATION	1.17e-06	0.000539891	0.000236897	UBR5/TRIP12	-0.1831178	0.00194736964504646	-1.09719108247387	FALSE	NA	NA	link
OTUD5	link	11	0.48	link	GOLGA7	0.196	no	no	no	no	no	GO_HISTONE_H2A_K63_LINKED_UBIQUITINATION	1.17e-06	0.000539891	0.000236897	UBR5/TRIP12	-0.3453493	3.11291934325504e-10	-1.9908464869439	FALSE	NA	NA	link
OTUD6A	link	1	0	link	CCDC117	0.252	no	no	no	no	no	none significant	NA	NA	NA	NA	NA	NA	NA	NA	NA	NA	link
OTUD6A	link	1	0	link	ARMCX2	0.223	no	no	no	no	no	none significant	NA	NA	NA	NA	NA	NA	NA	NA	NA	NA	link
OTUD6A	link	1	0	link	LXN	-0.223	no	no	no	no	no	none significant	NA	NA	NA	NA	NA	NA	NA	NA	NA	NA	link
OTUD6A	link	1	0	link	SRCIN1	0.216	no	no	no	no	no	none significant	NA	NA	NA	NA	NA	NA	NA	NA	NA	NA	link
OTUD6A	link	1	0	link	ZNF214	-0.213	no	no	no	no	no	none significant	NA	NA	NA	NA	NA	NA	NA	NA	NA	NA	link
OTUD6A	link	1	0	link	H2BFWT	0.213	no	no	no	no	no	none significant	NA	NA	NA	NA	NA	NA	NA	NA	NA	NA	link
OTUD6A	link	1	0	link	C10orf71	0.21	no	no	no	no	no	none significant	NA	NA	NA	NA	NA	NA	NA	NA	NA	NA	link
OTUD6B	notscreened	16	0.01	link	CNGB3	0.211	no	no	no	no	no	none significant	NA	NA	NA	NA	NA	NA	NA	NA	NA	NA	link
OTUD6B	notscreened	16	0.01	link	SLC26A7	0.21	no	no	no	no	no	none significant	NA	NA	NA	NA	NA	NA	NA	NA	NA	NA	link
OTUD6B	notscreened	16	0.01	link	AUNIP	0.198	no	no	no	no	no	none significant	NA	NA	NA	NA	NA	NA	NA	NA	NA	NA	link
OTUD6B	notscreened	16	0.01	link	IKBKG	-0.191	no	no	no	no	no	none significant	NA	NA	NA	NA	0.6369527	2.77731769249748e-40	3.42018337545468	TRUE	NA	NA	link
OTUD6B	notscreened	16	0.01	link	KIF24	0.189	no	no	no	no	no	none significant	NA	NA	NA	NA	NA	NA	NA	NA	NA	NA	link
OTUD6B	notscreened	16	0.01	link	TRHR	0.185	no	no	no	no	no	none significant	NA	NA	NA	NA	NA	NA	NA	NA	NA	NA	link
OTUD6B	notscreened	16	0.01	link	GUCA1C	0.183	no	no	no	no	no	none significant	NA	NA	NA	NA	NA	NA	NA	NA	NA	NA	link
OTUD7A	link	14	NA	link	NA	NA	no	no	no	no	no	none significant	NA	NA	NA	NA	NA	NA	NA	NA	NA	NA	link
OTUD7B	link	52	NA	link	NA	NA	no	no	no	no	no	none significant	NA	NA	NA	NA	NA	NA	NA	NA	NA	NA	link
OTULIN	notscreened	67	0.01	link	DNAH5	0.289	no	no	no	no	no	none significant	NA	NA	NA	NA	-0.1551302	0.0111740105451487	-0.943020838112295	FALSE	NA	NA	link
OTULIN	notscreened	67	0.01	link	TRIO	0.285	no	no	no	no	no	none significant	NA	NA	NA	NA	0.2351313	2.61636064942741e-05	1.2067423005604	FALSE	NA	NA	link
OTULIN	notscreened	67	0.01	link	OTULINL	0.269	no	no	no	no	no	none significant	NA	NA	NA	NA	NA	NA	NA	NA	NA	NA	link
OTULIN	notscreened	67	0.01	link	FBXL7	0.238	no	no	no	no	no	none significant	NA	NA	NA	NA	NA	NA	NA	NA	NA	NA	link
OTULIN	notscreened	67	0.01	link	BBS9	0.232	no	no	no	no	no	none significant	NA	NA	NA	NA	0.3894846	2.62852305231756e-06	2.05700048557862	TRUE	NA	NA	link
OTULIN	notscreened	67	0.01	link	KRTAP12	0.223	no	no	no	no	no	none significant	NA	NA	NA	NA	NA	NA	NA	NA	NA	NA	link
OTULIN	notscreened	67	0.01	link	C19orf33	-0.22	no	no	no	no	no	none significant	NA	NA	NA	NA	NA	NA	NA	NA	NA	NA	link
PAN2	link	99	0.07	link	PAN3	0.335	yes	yes	no	yes	yes	none significant	NA	NA	NA	NA	0.4185763	6.44012983494953e-13	2.21725268647808	TRUE	NA	NA	link
PAN2	link	99	0.07	link	IKZF4	0.231	no	no	no	no	no	none significant	NA	NA	NA	NA	0.2012104	0.00800262980450256	1.01988835660077	FALSE	NA	NA	link
PAN2	link	99	0.07	link	MSRB3	0.231	no	no	no	no	no	none significant	NA	NA	NA	NA	-0.09336786	0.256527907389598	-0.60280177502211	FALSE	NA	NA	link
PAN2	link	99	0.07	link	DDIT3	0.227	no	no	no	no	no	none significant	NA	NA	NA	NA	-0.1519122	0.121542384481009	-0.925294421900988	FALSE	NA	NA	link
PAN2	link	99	0.07	link	APOF	0.216	no	no	no	no	no	none significant	NA	NA	NA	NA	NA	NA	NA	NA	NA	NA	link
PAN2	link	99	0.07	link	ATP6AP1	-0.211	no	no	no	no	no	none significant	NA	NA	NA	NA	-0.3031824	2.79420664695808e-07	-1.75856929000775	FALSE	NA	NA	link
PAN2	link	99	0.07	link	ARHGAP9	0.209	no	no	no	no	no	none significant	NA	NA	NA	NA	0.4571141	1.00579978555244e-07	2.42953891477767	TRUE	NA	NA	link
PRPF8	link	111	1	link	HNRNPK	0.472	yes	no	no	yes	yes	GO_SPLICEOSOMAL_COMPLEX	1.42e-09	3.71e-07	1.84e-07	HNRNPK/SNRNP200/SF3A1/PHF5A/SNRPB	-0.450929	8.89778364303148e-09	-2.57243433830029	TRUE	NA	NA	link
PRPF8	link	111	1	link	RAN	0.47	no	no	no	no	no	GO_SPLICEOSOMAL_COMPLEX	1.42e-09	3.71e-07	1.84e-07	HNRNPK/SNRNP200/SF3A1/PHF5A/SNRPB	-0.3101815	1.03493936786246e-08	-1.79712396984136	FALSE	NA	NA	link
PRPF8	link	111	1	link	PSMD7	0.44	no	no	no	no	no	GO_SPLICEOSOMAL_COMPLEX	1.42e-09	3.71e-07	1.84e-07	HNRNPK/SNRNP200/SF3A1/PHF5A/SNRPB	0.03543606	0.617625516230352	0.106717148398588	FALSE	NA	NA	link
PRPF8	link	111	1	link	SNRNP200	0.42	yes	yes	no	yes	yes	GO_SPLICEOSOMAL_COMPLEX	1.42e-09	3.71e-07	1.84e-07	HNRNPK/SNRNP200/SF3A1/PHF5A/SNRPB	0.9339228	4.61876108947733e-166	5.05604900470057	TRUE	NA	NA	link
PRPF8	link	111	1	link	SF3A1	0.418	yes	no	no	yes	yes	GO_SPLICEOSOMAL_COMPLEX	1.42e-09	3.71e-07	1.84e-07	HNRNPK/SNRNP200/SF3A1/PHF5A/SNRPB	-0.06099958	0.357522172694872	-0.424500468830655	FALSE	NA	NA	link
PRPF8	link	111	1	link	PHF5A	0.41	no	no	no	yes	yes	GO_SPLICEOSOMAL_COMPLEX	1.42e-09	3.71e-07	1.84e-07	HNRNPK/SNRNP200/SF3A1/PHF5A/SNRPB	-0.3353657	4.12964862108874e-10	-1.93585163023563	FALSE	NA	NA	link
PRPF8	link	111	1	link	SNRPB	0.409	yes	no	no	yes	yes	GO_SPLICEOSOMAL_COMPLEX	1.42e-09	3.71e-07	1.84e-07	HNRNPK/SNRNP200/SF3A1/PHF5A/SNRPB	-0.04508469	0.513207743329441	-0.336832984648816	FALSE	NA	NA	link
PSMD14	link	62	1	link	CHEK1	0.525	no	no	no	no	no	GO_NEGATIVE_REGULATION_OF_CELL_CYCLE_G2_M_PHASE_TRANSITION	3.06e-08	7.22e-06	2.03e-06	CHEK1/PSMA6/PSMD7/PSMA1	0.08142211	0.207830575277728	0.360032208129459	FALSE	NA	NA	link
PSMD14	link	62	1	link	SMU1	0.508	no	no	no	no	no	GO_NEGATIVE_REGULATION_OF_CELL_CYCLE_G2_M_PHASE_TRANSITION	3.06e-08	7.22e-06	2.03e-06	CHEK1/PSMA6/PSMD7/PSMA1	0.09876849	0.111988623040567	0.455585083095115	FALSE	NA	NA	link
PSMD14	link	62	1	link	PSMA6	0.49	yes	no	no	yes	yes	GO_NEGATIVE_REGULATION_OF_CELL_CYCLE_G2_M_PHASE_TRANSITION	3.06e-08	7.22e-06	2.03e-06	CHEK1/PSMA6/PSMD7/PSMA1	0.6185642	2.75807413804222e-38	3.31888996199862	TRUE	NA	NA	link
PSMD14	link	62	1	link	PSMD7	0.487	yes	yes	no	yes	yes	GO_NEGATIVE_REGULATION_OF_CELL_CYCLE_G2_M_PHASE_TRANSITION	3.06e-08	7.22e-06	2.03e-06	CHEK1/PSMA6/PSMD7/PSMA1	0.5340158	6.91445870792079e-27	2.85315343981092	TRUE	NA	NA	link
PSMD14	link	62	1	link	HNRNPK	0.484	no	no	no	no	no	GO_NEGATIVE_REGULATION_OF_CELL_CYCLE_G2_M_PHASE_TRANSITION	3.06e-08	7.22e-06	2.03e-06	CHEK1/PSMA6/PSMD7/PSMA1	-0.1296018	0.168568624399505	-0.802397145256883	FALSE	NA	NA	link
PSMD14	link	62	1	link	PSMA1	0.46	yes	yes	no	yes	yes	GO_NEGATIVE_REGULATION_OF_CELL_CYCLE_G2_M_PHASE_TRANSITION	3.06e-08	7.22e-06	2.03e-06	CHEK1/PSMA6/PSMD7/PSMA1	0.5375805	2.6750433487166e-27	2.87278965978247	TRUE	99.82	kd	link
PSMD14	link	62	1	link	SNRPF	0.459	no	no	no	no	no	GO_NEGATIVE_REGULATION_OF_CELL_CYCLE_G2_M_PHASE_TRANSITION	3.06e-08	7.22e-06	2.03e-06	CHEK1/PSMA6/PSMD7/PSMA1	0.2644265	1.66151192618995e-06	1.36811548520722	FALSE	NA	NA	link
PSMD7	notscreened	25	1	link	RAN	0.607	no	no	no	no	no	GO_SPLICEOSOMAL_COMPLEX	2.56e-07	8.67e-05	3.24e-05	SNRNP200/HNRNPK/EIF4A3/SMU1	0.3192829	3.34855090005102e-09	1.67029304215374	FALSE	NA	NA	link
PSMD7	notscreened	25	1	link	SNRNP200	0.581	no	yes	no	yes	yes	GO_SPLICEOSOMAL_COMPLEX	2.56e-07	8.67e-05	3.24e-05	SNRNP200/HNRNPK/EIF4A3/SMU1	0.004843278	0.951901342818294	-0.0618037921836873	FALSE	NA	NA	link
PSMD7	notscreened	25	1	link	PSMB3	0.545	yes	yes	no	yes	yes	GO_SPLICEOSOMAL_COMPLEX	2.56e-07	8.67e-05	3.24e-05	SNRNP200/HNRNPK/EIF4A3/SMU1	0.3451978	1.080590963992e-10	1.81304577785119	FALSE	NA	NA	link
PSMD7	notscreened	25	1	link	KPNB1	0.53	no	no	no	no	no	GO_SPLICEOSOMAL_COMPLEX	2.56e-07	8.67e-05	3.24e-05	SNRNP200/HNRNPK/EIF4A3/SMU1	0.4679446	5.36845541896458e-20	2.48919893677163	TRUE	NA	NA	link
PSMD7	notscreened	25	1	link	HNRNPK	0.528	no	no	no	no	no	GO_SPLICEOSOMAL_COMPLEX	2.56e-07	8.67e-05	3.24e-05	SNRNP200/HNRNPK/EIF4A3/SMU1	-0.3011017	3.06364780938666e-08	-1.74710771318647	FALSE	NA	NA	link
PSMD7	notscreened	25	1	link	EIF4A3	0.528	no	no	no	no	no	GO_SPLICEOSOMAL_COMPLEX	2.56e-07	8.67e-05	3.24e-05	SNRNP200/HNRNPK/EIF4A3/SMU1	0.1452409	0.0140456256241534	0.711579266439575	FALSE	NA	NA	link
PSMD7	notscreened	25	1	link	SMU1	0.518	no	no	no	no	no	GO_SPLICEOSOMAL_COMPLEX	2.56e-07	8.67e-05	3.24e-05	SNRNP200/HNRNPK/EIF4A3/SMU1	-0.03524086	0.619793209778201	-0.282608053731059	FALSE	NA	NA	link
STAMBP	link	58	0.32	link	USP8	0.377	no	no	no	yes	yes	GO_ENDOSOME_ORGANIZATION	2.4e-06	0.000497298	0.000247827	USP8/VPS36/IST1	0.3215626	2.50643664732273e-09	1.68285081438398	FALSE	NA	NA	link
STAMBP	link	58	0.32	link	VPS36	0.33	no	no	no	no	no	GO_ENDOSOME_ORGANIZATION	2.4e-06	0.000497298	0.000247827	USP8/VPS36/IST1	0.2896504	1.1404374221188e-07	1.50706183383132	FALSE	NA	NA	link
STAMBP	link	58	0.32	link	PTPN23	0.314	no	no	no	no	no	GO_ENDOSOME_ORGANIZATION	2.4e-06	0.000497298	0.000247827	USP8/VPS36/IST1	0.2464092	9.45027583228289e-06	1.26886683424265	FALSE	NA	NA	link
STAMBP	link	58	0.32	link	IST1	0.247	no	no	no	no	no	GO_ENDOSOME_ORGANIZATION	2.4e-06	0.000497298	0.000247827	USP8/VPS36/IST1	0.4278015	1.63817349702869e-16	2.26806988188906	TRUE	NA	NA	link
STAMBP	link	58	0.32	link	EIF3M	-0.23	no	no	no	no	no	GO_ENDOSOME_ORGANIZATION	2.4e-06	0.000497298	0.000247827	USP8/VPS36/IST1	0.0262858	0.719508088129549	0.0563127614496541	FALSE	NA	NA	link
STAMBP	link	58	0.32	link	GRK2	0.217	no	no	no	no	no	GO_ENDOSOME_ORGANIZATION	2.4e-06	0.000497298	0.000247827	USP8/VPS36/IST1	NA	NA	NA	NA	NA	NA	link
STAMBP	link	58	0.32	link	DOK1	0.195	no	no	no	no	no	GO_ENDOSOME_ORGANIZATION	2.4e-06	0.000497298	0.000247827	USP8/VPS36/IST1	0.3243512	4.79517073167397e-08	1.69821187226056	FALSE	NA	NA	link
STAMBPL1	link	19	NA	link	NA	NA	no	no	no	no	no	none significant	NA	NA	NA	NA	NA	NA	NA	NA	NA	NA	link
TNFAIP3	link	1,218	0.01	link	TNIP1	0.353	yes	yes	no	yes	yes	GO_REGULATION_OF_NIK_NF_KAPPAB_SIGNALING	3.83e-08	1.09e-05	4.56e-06	NFKBIA/CYLD/PPM1A/IRAK1	0.1610434	0.0159400956241496	0.798627648098733	FALSE	NA	NA	link
TNFAIP3	link	1,218	0.01	link	NFKBIA	0.292	no	no	no	yes	yes	GO_REGULATION_OF_NIK_NF_KAPPAB_SIGNALING	3.83e-08	1.09e-05	4.56e-06	NFKBIA/CYLD/PPM1A/IRAK1	-0.05354299	0.563177057280605	-0.383425696345551	FALSE	95.99	oe	link
TNFAIP3	link	1,218	0.01	link	CYLD	0.272	no	no	no	no	no	GO_REGULATION_OF_NIK_NF_KAPPAB_SIGNALING	3.83e-08	1.09e-05	4.56e-06	NFKBIA/CYLD/PPM1A/IRAK1	0.135621	0.0704514311417233	0.658587858325484	FALSE	NA	NA	link
TNFAIP3	link	1,218	0.01	link	ATG101	0.228	no	no	no	no	no	GO_REGULATION_OF_NIK_NF_KAPPAB_SIGNALING	3.83e-08	1.09e-05	4.56e-06	NFKBIA/CYLD/PPM1A/IRAK1	-0.007822344	0.932713461954085	-0.131572619762021	FALSE	NA	NA	link
TNFAIP3	link	1,218	0.01	link	PPM1A	0.227	no	no	no	no	no	GO_REGULATION_OF_NIK_NF_KAPPAB_SIGNALING	3.83e-08	1.09e-05	4.56e-06	NFKBIA/CYLD/PPM1A/IRAK1	-0.002550127	0.977634275121596	-0.102530508855146	FALSE	NA	NA	link
TNFAIP3	link	1,218	0.01	link	IRAK1	-0.218	yes	no	no	yes	yes	GO_REGULATION_OF_NIK_NF_KAPPAB_SIGNALING	3.83e-08	1.09e-05	4.56e-06	NFKBIA/CYLD/PPM1A/IRAK1	-0.002587465	0.97835183426977	-0.102736185961578	FALSE	-99.89	kd	link
TNFAIP3	link	1,218	0.01	link	EPG5	0.216	no	no	no	no	no	GO_REGULATION_OF_NIK_NF_KAPPAB_SIGNALING	3.83e-08	1.09e-05	4.56e-06	NFKBIA/CYLD/PPM1A/IRAK1	0.1234765	0.103941946856901	0.591689641520571	FALSE	NA	NA	link
UCHL1	link	1,994	NA	link	NA	NA	no	no	no	no	no	none significant	NA	NA	NA	NA	NA	NA	NA	NA	NA	NA	link
UCHL3	link	127	0.01	link	PPM1D	0.297	no	no	no	no	no	GO_DNA_DAMAGE_RESPONSE_SIGNAL_TRANSDUCTION_BY_P53_CLASS_MEDIATOR	1.37e-08	6.14e-06	1.63e-06	PPM1D/MDM2/TP53/MDM4	-0.146523553349398	0.15125754827357	-0.895610955976739	FALSE	NA	NA	link
UCHL3	link	127	0.01	link	MDM2	0.266	no	no	no	no	no	GO_DNA_DAMAGE_RESPONSE_SIGNAL_TRANSDUCTION_BY_P53_CLASS_MEDIATOR	1.37e-08	6.14e-06	1.63e-06	PPM1D/MDM2/TP53/MDM4	0.0124612858660245	0.904877219410631	-0.0198398462128496	FALSE	NA	NA	link
UCHL3	link	127	0.01	link	COMMD6	0.259	no	no	no	no	no	GO_DNA_DAMAGE_RESPONSE_SIGNAL_TRANSDUCTION_BY_P53_CLASS_MEDIATOR	1.37e-08	6.14e-06	1.63e-06	PPM1D/MDM2/TP53/MDM4	0.474279391586814	4.06205132498069e-20	2.52409426066216	TRUE	NA	NA	link
UCHL3	link	127	0.01	link	TP53BP1	-0.253	no	no	no	no	no	GO_DNA_DAMAGE_RESPONSE_SIGNAL_TRANSDUCTION_BY_P53_CLASS_MEDIATOR	1.37e-08	6.14e-06	1.63e-06	PPM1D/MDM2/TP53/MDM4	-0.419215750362015	7.92510302315817e-16	-2.39774127972478	TRUE	NA	NA	link
UCHL3	link	127	0.01	link	TP53	-0.249	no	no	no	no	no	GO_DNA_DAMAGE_RESPONSE_SIGNAL_TRANSDUCTION_BY_P53_CLASS_MEDIATOR	1.37e-08	6.14e-06	1.63e-06	PPM1D/MDM2/TP53/MDM4	0.0557674730187594	0.405813979352354	0.218713136383206	FALSE	NA	NA	link
UCHL3	link	127	0.01	link	KRTAP21	0.24	no	no	no	no	no	GO_DNA_DAMAGE_RESPONSE_SIGNAL_TRANSDUCTION_BY_P53_CLASS_MEDIATOR	1.37e-08	6.14e-06	1.63e-06	PPM1D/MDM2/TP53/MDM4	NA	NA	NA	NA	NA	NA	link
UCHL3	link	127	0.01	link	MDM4	0.231	no	no	no	no	no	GO_DNA_DAMAGE_RESPONSE_SIGNAL_TRANSDUCTION_BY_P53_CLASS_MEDIATOR	1.37e-08	6.14e-06	1.63e-06	PPM1D/MDM2/TP53/MDM4	NA	NA	NA	NA	NA	NA	link
UCHL5	link	138	0.5	link	NFRKB	0.535	yes	yes	yes	yes	yes	GO_DNA_HELICASE_COMPLEX	5.41e-19	4.16e-17	2.33e-17	NFRKB/TFPT/INO80/INO80E/INO80B/ACTR8	0.063258990033446	0.41993629399401	0.259980305014784	FALSE	NA	NA	link
UCHL5	link	138	0.5	link	TFPT	0.452	yes	yes	no	yes	yes	GO_DNA_HELICASE_COMPLEX	5.41e-19	4.16e-17	2.33e-17	NFRKB/TFPT/INO80/INO80E/INO80B/ACTR8	0.210117576600524	0.00301375589252522	1.06895371386879	FALSE	NA	NA	link
UCHL5	link	138	0.5	link	INO80	0.425	yes	yes	no	yes	yes	GO_DNA_HELICASE_COMPLEX	5.41e-19	4.16e-17	2.33e-17	NFRKB/TFPT/INO80/INO80E/INO80B/ACTR8	-0.145008993998149	0.0509803093245691	-0.887267976039833	FALSE	NA	NA	link
UCHL5	link	138	0.5	link	INO80E	0.379	yes	yes	no	yes	yes	GO_DNA_HELICASE_COMPLEX	5.41e-19	4.16e-17	2.33e-17	NFRKB/TFPT/INO80/INO80E/INO80B/ACTR8	0.162768664972622	0.0207550429219931	0.808131304089872	FALSE	NA	NA	link
UCHL5	link	138	0.5	link	TBRG1	0.341	no	no	no	no	no	GO_DNA_HELICASE_COMPLEX	5.41e-19	4.16e-17	2.33e-17	NFRKB/TFPT/INO80/INO80E/INO80B/ACTR8	-0.0124560017478527	0.923173204101137	-0.157097214485197	FALSE	NA	NA	link
UCHL5	link	138	0.5	link	INO80B	0.341	yes	yes	no	yes	yes	GO_DNA_HELICASE_COMPLEX	5.41e-19	4.16e-17	2.33e-17	NFRKB/TFPT/INO80/INO80E/INO80B/ACTR8	-0.0146340556866452	0.882727028210356	-0.169095067390639	FALSE	NA	NA	link
UCHL5	link	138	0.5	link	ACTR8	0.294	yes	yes	no	yes	yes	GO_DNA_HELICASE_COMPLEX	5.41e-19	4.16e-17	2.33e-17	NFRKB/TFPT/INO80/INO80E/INO80B/ACTR8	-0.0043351246098004	0.964504805240016	-0.112363203251513	FALSE	NA	NA	link
USP1	link	180	0.14	link	WDR48	0.547	yes	yes	yes	yes	yes	GO_DNA_RECOMBINATION	6.8e-07	0.000247636	7.3e-05	WDR48/FANCM/LIG4/APEX2	0.260104691045502	1.51074100946831e-05	1.34430871568789	FALSE	NA	NA	link
USP1	link	180	0.14	link	TP53	-0.275	yes	no	no	no	yes	GO_DNA_RECOMBINATION	6.8e-07	0.000247636	7.3e-05	WDR48/FANCM/LIG4/APEX2	0.1219432246967	0.0644253980079786	0.583243564394153	FALSE	NA	NA	link
USP1	link	180	0.14	link	FANCM	0.272	no	no	no	no	no	GO_DNA_RECOMBINATION	6.8e-07	0.000247636	7.3e-05	WDR48/FANCM/LIG4/APEX2	NA	NA	NA	NA	NA	NA	link
USP1	link	180	0.14	link	MDM4	0.261	no	no	no	no	no	GO_DNA_RECOMBINATION	6.8e-07	0.000247636	7.3e-05	WDR48/FANCM/LIG4/APEX2	NA	NA	NA	NA	NA	NA	link
USP1	link	180	0.14	link	LIG4	0.26	no	no	no	no	no	GO_DNA_RECOMBINATION	6.8e-07	0.000247636	7.3e-05	WDR48/FANCM/LIG4/APEX2	0.0147057217717184	0.859930606184233	-0.00747632693878793	FALSE	NA	NA	link
USP1	link	180	0.14	link	APEX2	0.25	no	no	no	no	no	GO_DNA_RECOMBINATION	6.8e-07	0.000247636	7.3e-05	WDR48/FANCM/LIG4/APEX2	0.312683546996889	1.96242958414429e-05	1.63394037650474	FALSE	NA	NA	link
USP1	link	180	0.14	link	WDR89	0.249	no	no	no	no	no	GO_DNA_RECOMBINATION	6.8e-07	0.000247636	7.3e-05	WDR48/FANCM/LIG4/APEX2	0.135368194543855	0.0374561973038311	0.657195274504441	FALSE	NA	NA	link
USP10	link	134	0.69	link	ABCD4	0.195	no	no	no	no	no	none significant	NA	NA	NA	NA	0.007072478	0.941486684180036	-0.0495242001954201	FALSE	NA	NA	link
USP10	link	134	0.69	link	ATP2C2	0.191	no	no	no	no	no	none significant	NA	NA	NA	NA	0.03806945	0.778190144547971	0.121223228941376	FALSE	NA	NA	link
USP10	link	134	0.69	link	CDK6	0.181	no	no	no	no	no	none significant	NA	NA	NA	NA	-0.01317328	0.864589571156452	-0.161048355826677	FALSE	NA	NA	link
USP10	link	134	0.69	link	G3BP1	0.177	yes	yes	yes	yes	yes	none significant	NA	NA	NA	NA	0.3209146	2.72134091985912e-09	1.67928129365529	FALSE	NA	NA	link
USP10	link	134	0.69	link	ZNF146	0.17	no	no	no	no	no	none significant	NA	NA	NA	NA	-0.03839633	0.689708820822256	-0.299990022209085	FALSE	NA	NA	link
USP10	link	134	0.69	link	GPRIN1	0.167	no	no	no	no	no	none significant	NA	NA	NA	NA	0.1901861	0.000899341645469696	0.959160783499987	FALSE	NA	NA	link
USP10	link	134	0.69	link	TGFB3	0.167	no	no	no	no	no	none significant	NA	NA	NA	NA	0.03422908	0.801852718853933	0.10006847535983	FALSE	NA	NA	link
USP11	link	64	NA	link	NA	NA	no	no	no	no	no	none significant	NA	NA	NA	NA	NA	NA	NA	NA	NA	NA	link
USP12	link	43	NA	link	NA	NA	no	no	no	no	no	none significant	NA	NA	NA	NA	NA	NA	NA	NA	NA	NA	link
USP13	link	44	0.01	link	KRTCAP2	0.255	no	no	no	no	no	none significant	NA	NA	NA	NA	NA	NA	NA	NA	NA	NA	link
USP13	link	44	0.01	link	ZNF444	0.239	no	no	no	no	no	none significant	NA	NA	NA	NA	0.09584035	0.173163956852261	0.43945536638754	FALSE	NA	NA	link
USP13	link	44	0.01	link	OR7G2	-0.238	no	no	no	no	no	none significant	NA	NA	NA	NA	NA	NA	NA	NA	NA	NA	link
USP13	link	44	0.01	link	PCDHA2	0.233	no	no	no	no	no	none significant	NA	NA	NA	NA	NA	NA	NA	NA	NA	NA	link
USP13	link	44	0.01	link	SH2D5	0.23	no	no	no	no	no	none significant	NA	NA	NA	NA	NA	NA	NA	NA	NA	NA	link
USP13	link	44	0.01	link	KCNJ1	0.226	no	no	no	no	no	none significant	NA	NA	NA	NA	NA	NA	NA	NA	NA	NA	link
USP13	link	44	0.01	link	TRAK2	0.223	no	no	no	no	no	none significant	NA	NA	NA	NA	0.1928233	0.0186460109069912	0.973687851502615	FALSE	NA	NA	link
USP14	link	232	0.09	link	PLAA	0.39	no	no	no	no	no	GO_NUCLEAR_MEMBRANE	0.000133267	0.026919856	0.007888782	BRAP/NUP50/CERS5	0.3867169	2.09609406927061e-13	2.04175455576257	TRUE	NA	NA	link
USP14	link	232	0.09	link	UBC	0.286	yes	no	yes	yes	yes	GO_NUCLEAR_MEMBRANE	0.000133267	0.026919856	0.007888782	BRAP/NUP50/CERS5	NA	NA	NA	NA	NA	NA	link
USP14	link	232	0.09	link	BRAP	-0.224	no	no	no	no	no	GO_NUCLEAR_MEMBRANE	0.000133267	0.026919856	0.007888782	BRAP/NUP50/CERS5	0.3374977	3.10270055951618e-10	1.7706296257478	FALSE	NA	NA	link
USP14	link	232	0.09	link	USP15	0.218	yes	no	no	yes	yes	GO_NUCLEAR_MEMBRANE	0.000133267	0.026919856	0.007888782	BRAP/NUP50/CERS5	0.4101596	3.98894124568173e-15	2.17088912919849	TRUE	NA	NA	link
USP14	link	232	0.09	link	ZMAT2	0.198	no	no	no	no	no	GO_NUCLEAR_MEMBRANE	0.000133267	0.026919856	0.007888782	BRAP/NUP50/CERS5	-0.07643587	0.234639250908367	-0.509531575511334	FALSE	NA	NA	link
USP14	link	232	0.09	link	NUP50	0.178	no	no	no	no	no	GO_NUCLEAR_MEMBRANE	0.000133267	0.026919856	0.007888782	BRAP/NUP50/CERS5	-0.2481126	8.06474410119664e-06	-1.4552162149694	FALSE	NA	NA	link
USP14	link	232	0.09	link	CERS5	0.171	no	no	no	no	no	GO_NUCLEAR_MEMBRANE	0.000133267	0.026919856	0.007888782	BRAP/NUP50/CERS5	-0.002523041	0.977874301971153	-0.102381305092094	FALSE	NA	NA	link
USP15	link	114	0.01	link	PLAA	0.227	no	no	no	no	no	GO_HIPPO_SIGNALING	8.15e-05	0.022168207	0.010637994	SAV1/NF2	0.2831594	2.33265495879429e-07	1.47130603282834	FALSE	NA	NA	link
USP15	link	114	0.01	link	SAV1	0.226	no	no	no	no	no	GO_HIPPO_SIGNALING	8.15e-05	0.022168207	0.010637994	SAV1/NF2	-0.1417746	0.0218272698895402	-0.869451253167694	FALSE	NA	NA	link
USP15	link	114	0.01	link	USP14	0.218	yes	no	no	yes	yes	GO_HIPPO_SIGNALING	8.15e-05	0.022168207	0.010637994	SAV1/NF2	0.4101596	3.98894124568173e-15	2.17088912919849	TRUE	NA	NA	link
USP15	link	114	0.01	link	UBE2R2	0.217	no	no	no	no	no	GO_HIPPO_SIGNALING	8.15e-05	0.022168207	0.010637994	SAV1/NF2	0.4126006	2.59782493021762e-15	2.18433542564716	TRUE	NA	NA	link
USP15	link	114	0.01	link	CAND1	0.217	yes	no	no	yes	yes	GO_HIPPO_SIGNALING	8.15e-05	0.022168207	0.010637994	SAV1/NF2	0.368755	3.50401699830008e-12	1.94281107678623	FALSE	NA	NA	link
USP15	link	114	0.01	link	UBA6	0.213	no	no	no	no	no	GO_HIPPO_SIGNALING	8.15e-05	0.022168207	0.010637994	SAV1/NF2	0.547002	1.9897495216425e-28	2.92468817759938	TRUE	NA	NA	link
USP15	link	114	0.01	link	NF2	0.207	no	no	no	no	no	GO_HIPPO_SIGNALING	8.15e-05	0.022168207	0.010637994	SAV1/NF2	-0.04884889	0.474286980269474	-0.357568154289151	FALSE	NA	NA	link
USP16	link	45	0.01	link	TMEM50B	0.247	no	no	no	no	no	none significant	NA	NA	NA	NA	NA	NA	NA	NA	NA	NA	link
USP16	link	45	0.01	link	SETD4	0.239	no	no	no	no	no	none significant	NA	NA	NA	NA	NA	NA	NA	NA	NA	NA	link
USP16	link	45	0.01	link	MNS1	0.23	no	no	no	no	no	none significant	NA	NA	NA	NA	NA	NA	NA	NA	NA	NA	link
USP16	link	45	0.01	link	KRTAP20	0.228	no	no	no	no	no	none significant	NA	NA	NA	NA	NA	NA	NA	NA	NA	NA	link
USP16	link	45	0.01	link	RIPPLY3	0.22	no	no	no	no	no	none significant	NA	NA	NA	NA	NA	NA	NA	NA	NA	NA	link
USP16	link	45	0.01	link	CHODL	0.208	no	no	no	no	no	none significant	NA	NA	NA	NA	NA	NA	NA	NA	NA	NA	link
USP16	link	45	0.01	link	RWDD2B	0.207	no	no	no	no	no	none significant	NA	NA	NA	NA	0.152174	0.0480785242251987	0.749770383976744	FALSE	NA	NA	link
USP17L2	link	37	NA	link	NA	NA	no	no	no	no	no	none significant	NA	NA	NA	NA	NA	NA	NA	NA	NA	NA	link
USP18	link	229	0.16	link	ISG15	0.405	yes	yes	no	yes	yes	GO_RESPONSE_TO_TYPE_I_INTERFERON	9.98e-14	7.49e-12	3.26e-12	ISG15/IFNAR1/IFNAR2/IRF9/STAT2/TYK2	NA	NA	NA	NA	NA	NA	link
USP18	link	229	0.16	link	IFNAR1	-0.395	no	no	no	no	no	GO_RESPONSE_TO_TYPE_I_INTERFERON	9.98e-14	7.49e-12	3.26e-12	ISG15/IFNAR1/IFNAR2/IRF9/STAT2/TYK2	NA	NA	NA	NA	NA	NA	link
USP18	link	229	0.16	link	IFNAR2	-0.381	yes	yes	no	yes	yes	GO_RESPONSE_TO_TYPE_I_INTERFERON	9.98e-14	7.49e-12	3.26e-12	ISG15/IFNAR1/IFNAR2/IRF9/STAT2/TYK2	NA	NA	NA	NA	NA	NA	link
USP18	link	229	0.16	link	IRF9	-0.372	no	no	no	no	no	GO_RESPONSE_TO_TYPE_I_INTERFERON	9.98e-14	7.49e-12	3.26e-12	ISG15/IFNAR1/IFNAR2/IRF9/STAT2/TYK2	NA	NA	NA	NA	NA	NA	link
USP18	link	229	0.16	link	STAT2	-0.346	yes	no	no	yes	yes	GO_RESPONSE_TO_TYPE_I_INTERFERON	9.98e-14	7.49e-12	3.26e-12	ISG15/IFNAR1/IFNAR2/IRF9/STAT2/TYK2	NA	NA	NA	NA	NA	NA	link
USP18	link	229	0.16	link	TYK2	-0.318	no	no	no	no	no	GO_RESPONSE_TO_TYPE_I_INTERFERON	9.98e-14	7.49e-12	3.26e-12	ISG15/IFNAR1/IFNAR2/IRF9/STAT2/TYK2	NA	NA	NA	NA	NA	NA	link
USP18	link	229	0.16	link	ZNF74	0.308	no	no	no	no	no	GO_RESPONSE_TO_TYPE_I_INTERFERON	9.98e-14	7.49e-12	3.26e-12	ISG15/IFNAR1/IFNAR2/IRF9/STAT2/TYK2	NA	NA	NA	NA	NA	NA	link
USP19	link	47	0.34	link	APEH	0.277	no	no	no	no	no	none significant	NA	NA	NA	NA	0.4686777	4.59850042266516e-20	2.49323723252194	TRUE	NA	NA	link
USP19	link	47	0.34	link	GLT8D1	0.257	no	no	no	no	no	none significant	NA	NA	NA	NA	0.1144419	0.0639547175433967	0.541922369953552	FALSE	NA	NA	link
USP19	link	47	0.34	link	UBR4	0.247	no	no	no	no	no	none significant	NA	NA	NA	NA	0.383833	3.33713430985085e-13	2.02586853596401	TRUE	NA	NA	link
USP19	link	47	0.34	link	KLHDC8B	0.242	no	no	no	no	no	none significant	NA	NA	NA	NA	NA	NA	NA	NA	NA	NA	link
USP19	link	47	0.34	link	IQCF1	0.24	no	no	no	no	no	none significant	NA	NA	NA	NA	NA	NA	NA	NA	NA	NA	link
USP19	link	47	0.34	link	GNAT1	0.239	no	no	no	no	no	none significant	NA	NA	NA	NA	NA	NA	NA	NA	NA	NA	link
USP19	link	47	0.34	link	NAA80	0.236	no	no	no	no	no	none significant	NA	NA	NA	NA	NA	NA	NA	NA	NA	NA	link
USP2	link	179	0.01	link	CDON	0.214	no	no	no	no	no	none significant	NA	NA	NA	NA	NA	NA	NA	NA	NA	NA	link
USP2	link	179	0.01	link	OR2M2	0.21	no	no	no	no	no	none significant	NA	NA	NA	NA	NA	NA	NA	NA	NA	NA	link
USP2	link	179	0.01	link	KCNJ1	0.209	no	no	no	no	no	none significant	NA	NA	NA	NA	NA	NA	NA	NA	NA	NA	link
USP2	link	179	0.01	link	NRXN3	-0.199	no	no	no	no	no	none significant	NA	NA	NA	NA	NA	NA	NA	NA	NA	NA	link
USP2	link	179	0.01	link	C11orf52	0.19	no	no	no	no	no	none significant	NA	NA	NA	NA	NA	NA	NA	NA	NA	NA	link
USP2	link	179	0.01	link	PTPRB	-0.184	no	no	no	no	no	none significant	NA	NA	NA	NA	NA	NA	NA	NA	NA	NA	link
USP2	link	179	0.01	link	THYN1	0.184	no	no	no	no	no	none significant	NA	NA	NA	NA	NA	NA	NA	NA	NA	NA	link
USP20	link	36	NA	link	NA	NA	no	no	no	no	no	none significant	NA	NA	NA	NA	NA	NA	NA	NA	NA	NA	link
USP21	link	50	0.03	link	SLAMF1	0.283	no	no	no	no	no	none significant	NA	NA	NA	NA	NA	NA	NA	NA	NA	NA	link
USP21	link	50	0.03	link	LHX9	0.267	no	no	no	no	no	none significant	NA	NA	NA	NA	NA	NA	NA	NA	NA	NA	link
USP21	link	50	0.03	link	TAGLN2	0.264	no	no	no	no	no	none significant	NA	NA	NA	NA	NA	NA	NA	NA	NA	NA	link
USP21	link	50	0.03	link	DEDD	0.244	no	no	no	no	no	none significant	NA	NA	NA	NA	NA	NA	NA	NA	NA	NA	link
USP21	link	50	0.03	link	RUSC1	0.239	no	no	no	no	no	none significant	NA	NA	NA	NA	NA	NA	NA	NA	NA	NA	link
USP21	link	50	0.03	link	THEM4	0.235	no	no	no	no	no	none significant	NA	NA	NA	NA	NA	NA	NA	NA	NA	NA	link
USP21	link	50	0.03	link	SLAMF8	0.231	no	no	no	no	no	none significant	NA	NA	NA	NA	NA	NA	NA	NA	NA	NA	link
USP22	link	152	0.01	link	SUPT20H	0.542	yes	yes	no	yes	yes	GO_SAGA_TYPE_COMPLEX	4.07e-17	3.7e-15	1.07e-15	SUPT20H/TADA1/TAF5L/TADA2B/TAF6L/TADA3	0.06044018	0.382791869961895	0.244452834575545	FALSE	NA	NA	link
USP22	link	152	0.01	link	TADA1	0.509	yes	yes	no	yes	yes	GO_SAGA_TYPE_COMPLEX	4.07e-17	3.7e-15	1.07e-15	SUPT20H/TADA1/TAF5L/TADA2B/TAF6L/TADA3	0.1224156	0.051986708283988	0.585845653031269	FALSE	NA	NA	link
USP22	link	152	0.01	link	TAF5L	0.496	yes	yes	no	yes	yes	GO_SAGA_TYPE_COMPLEX	4.07e-17	3.7e-15	1.07e-15	SUPT20H/TADA1/TAF5L/TADA2B/TAF6L/TADA3	0.1073088	0.0894804723529412	0.502629548487775	FALSE	NA	NA	link
USP22	link	152	0.01	link	TADA2B	0.472	yes	yes	no	yes	yes	GO_SAGA_TYPE_COMPLEX	4.07e-17	3.7e-15	1.07e-15	SUPT20H/TADA1/TAF5L/TADA2B/TAF6L/TADA3	0.1893749	0.00240711062648252	0.954692272365552	FALSE	NA	NA	link
USP22	link	152	0.01	link	TAF6L	0.462	yes	yes	no	yes	yes	GO_SAGA_TYPE_COMPLEX	4.07e-17	3.7e-15	1.07e-15	SUPT20H/TADA1/TAF5L/TADA2B/TAF6L/TADA3	0.3367762	9.5237591984988e-10	1.76665522882535	FALSE	NA	NA	link
USP22	link	152	0.01	link	TADA3	0.444	yes	yes	no	yes	yes	GO_SAGA_TYPE_COMPLEX	4.07e-17	3.7e-15	1.07e-15	SUPT20H/TADA1/TAF5L/TADA2B/TAF6L/TADA3	0.07041739	0.292311775040669	0.299412491843291	FALSE	NA	NA	link
USP22	link	152	0.01	link	ATXN7	0.438	yes	no	no	yes	yes	GO_SAGA_TYPE_COMPLEX	4.07e-17	3.7e-15	1.07e-15	SUPT20H/TADA1/TAF5L/TADA2B/TAF6L/TADA3	0.1106759	0.0875983160801372	0.521177284977859	FALSE	NA	NA	link
USP24	link	27	0.04	link	RPA4	0.191	no	no	no	no	no	none significant	NA	NA	NA	NA	NA	NA	NA	NA	NA	NA	link
USP24	link	27	0.04	link	EPS8L2	-0.19	no	no	no	no	no	none significant	NA	NA	NA	NA	0.00860423	0.913239261129825	-0.0410865142151525	FALSE	NA	NA	link
USP24	link	27	0.04	link	BRI3	0.188	no	no	no	no	no	none significant	NA	NA	NA	NA	0.0504734	0.562985465039028	0.189550631167676	FALSE	NA	NA	link
USP24	link	27	0.04	link	LEXM	0.185	no	no	no	no	no	none significant	NA	NA	NA	NA	NA	NA	NA	NA	NA	NA	link
USP24	link	27	0.04	link	PDCD6	-0.182	no	no	no	no	no	none significant	NA	NA	NA	NA	0.1609568	0.00585880434856018	0.798150610297645	FALSE	NA	NA	link
USP24	link	27	0.04	link	LRIG2	0.179	no	no	no	no	no	none significant	NA	NA	NA	NA	-0.124101	0.0725544945686096	-0.772095880404443	FALSE	NA	NA	link
USP24	link	27	0.04	link	C1orf87	0.178	no	no	no	no	no	none significant	NA	NA	NA	NA	NA	NA	NA	NA	NA	NA	link
USP25	link	57	NA	link	NA	NA	no	no	no	no	no	none significant	NA	NA	NA	NA	NA	NA	NA	NA	NA	NA	link
USP26	link	47	NA	link	NA	NA	no	no	no	no	no	none significant	NA	NA	NA	NA	NA	NA	NA	NA	NA	NA	link
USP27X	link	11	NA	link	NA	NA	no	no	no	no	no	none significant	NA	NA	NA	NA	NA	NA	NA	NA	NA	NA	link
USP28	link	83	0.01	link	TP53	0.642	yes	yes	yes	yes	yes	GO_CELLULAR_RESPONSE_TO_IONIZING_RADIATION	1.54e-14	9.94e-12	2.58e-12	TP53/TP53BP1/CDKN1A/MDM2/ATM/CHEK2	0.2295308	4.25419209725592e-05	1.17589183629955	FALSE	NA	NA	link
USP28	link	83	0.01	link	TP53BP1	0.58	yes	yes	yes	yes	yes	GO_CELLULAR_RESPONSE_TO_IONIZING_RADIATION	1.54e-14	9.94e-12	2.58e-12	TP53/TP53BP1/CDKN1A/MDM2/ATM/CHEK2	0.3371538	3.25038807087239e-10	1.76873524584256	FALSE	NA	NA	link
USP28	link	83	0.01	link	CDKN1A	0.518	no	no	no	no	no	GO_CELLULAR_RESPONSE_TO_IONIZING_RADIATION	1.54e-14	9.94e-12	2.58e-12	TP53/TP53BP1/CDKN1A/MDM2/ATM/CHEK2	-0.1964249	0.00306016078135903	-1.17049350421578	FALSE	NA	NA	link
USP28	link	83	0.01	link	MDM2	-0.478	no	no	no	no	no	GO_CELLULAR_RESPONSE_TO_IONIZING_RADIATION	1.54e-14	9.94e-12	2.58e-12	TP53/TP53BP1/CDKN1A/MDM2/ATM/CHEK2	-0.1836749	0.0193764482005954	-1.10025987876701	FALSE	NA	NA	link
USP28	link	83	0.01	link	ATM	0.399	no	no	no	no	no	GO_CELLULAR_RESPONSE_TO_IONIZING_RADIATION	1.54e-14	9.94e-12	2.58e-12	TP53/TP53BP1/CDKN1A/MDM2/ATM/CHEK2	0.1623652	0.00539255946103275	0.805908809362904	FALSE	NA	NA	link
USP28	link	83	0.01	link	CHEK2	0.396	no	no	no	no	no	GO_CELLULAR_RESPONSE_TO_IONIZING_RADIATION	1.54e-14	9.94e-12	2.58e-12	TP53/TP53BP1/CDKN1A/MDM2/ATM/CHEK2	0.1508579	0.0103864895546761	0.742520621274537	FALSE	NA	NA	link
USP28	link	83	0.01	link	PPM1D	-0.378	no	no	no	no	no	GO_CELLULAR_RESPONSE_TO_IONIZING_RADIATION	1.54e-14	9.94e-12	2.58e-12	TP53/TP53BP1/CDKN1A/MDM2/ATM/CHEK2	0.08980423	0.411250497896698	0.406205280799787	FALSE	NA	NA	link
USP29	link	33	NA	link	NA	NA	no	no	no	no	no	none significant	NA	NA	NA	NA	NA	NA	NA	NA	NA	NA	link
USP3	link	45	0	link	RAB8B	0.308	no	no	no	no	no	none significant	NA	NA	NA	NA	-0.0659055352234807	0.328589094621358	-0.451525019547078	FALSE	NA	NA	link
USP3	link	45	0	link	PPIB	0.221	no	no	no	no	no	none significant	NA	NA	NA	NA	0.166182313141288	0.00429266019568557	0.8269354520814	FALSE	NA	NA	link
USP3	link	45	0	link	EID1	0.211	no	no	no	no	no	none significant	NA	NA	NA	NA	NA	NA	NA	NA	NA	NA	link
USP3	link	45	0	link	CSNK1G1	0.193	no	no	no	no	no	none significant	NA	NA	NA	NA	0.301112127637882	5.771094999971e-06	1.57019898566778	FALSE	NA	NA	link
USP3	link	45	0	link	CGNL1	0.193	no	no	no	no	no	none significant	NA	NA	NA	NA	0.0741472908757553	0.250927178856756	0.319958724083986	FALSE	NA	NA	link
USP3	link	45	0	link	STUM	0.188	no	no	no	no	no	none significant	NA	NA	NA	NA	NA	NA	NA	NA	NA	NA	link
USP3	link	45	0	link	BMI1	0.188	no	no	no	no	no	none significant	NA	NA	NA	NA	NA	NA	NA	NA	NA	NA	link
USP30	link	38	0	link	OAS2	0.224	no	no	no	no	no	none significant	NA	NA	NA	NA	0.1227628	0.0712399738002093	0.587758211051333	FALSE	NA	NA	link
USP30	link	38	0	link	TMEM132D	0.217	no	no	no	no	no	none significant	NA	NA	NA	NA	NA	NA	NA	NA	NA	NA	link
USP30	link	38	0	link	TMEM116	0.203	no	no	no	no	no	none significant	NA	NA	NA	NA	NA	NA	NA	NA	NA	NA	link
USP30	link	38	0	link	GYS2	-0.198	no	no	no	no	no	none significant	NA	NA	NA	NA	NA	NA	NA	NA	NA	NA	link
USP30	link	38	0	link	AOAH	-0.196	no	no	no	no	no	none significant	NA	NA	NA	NA	NA	NA	NA	NA	NA	NA	link
USP30	link	38	0	link	KDM1A	0.195	no	no	no	no	no	none significant	NA	NA	NA	NA	-0.03302439	0.681541349374931	-0.270398585197847	FALSE	NA	NA	link
USP30	link	38	0	link	FAM172A	0.193	no	no	no	no	no	none significant	NA	NA	NA	NA	0.09972972	0.154092003302144	0.460880037431595	FALSE	NA	NA	link
USP31	link	9	NA	link	NA	NA	no	no	no	no	no	none significant	NA	NA	NA	NA	NA	NA	NA	NA	NA	NA	link
USP32	link	16	0.02	link	TNRC6C	0.202	no	no	no	no	no	GO_GARP_COMPLEX	1.17e-06	0.000101448	4.79e-05	VPS54/VPS52	0.092773	0.281999528427999	0.422558808660458	FALSE	NA	NA	link
USP32	link	16	0.02	link	VPS54	0.199	no	no	no	no	no	GO_GARP_COMPLEX	1.17e-06	0.000101448	4.79e-05	VPS54/VPS52	0.3112659	0.000187365720905147	1.62613124017548	FALSE	NA	NA	link
USP32	link	16	0.02	link	EMC3	0.192	no	no	no	no	no	GO_GARP_COMPLEX	1.17e-06	0.000101448	4.79e-05	VPS54/VPS52	0.1176587	0.0712904464516706	0.559642175941287	FALSE	NA	NA	link
USP32	link	16	0.02	link	RAB6A	0.192	no	no	no	no	no	GO_GARP_COMPLEX	1.17e-06	0.000101448	4.79e-05	VPS54/VPS52	0.04110601	0.577266535145107	0.137950179348649	FALSE	NA	NA	link
USP32	link	16	0.02	link	VPS52	0.191	no	no	no	no	no	GO_GARP_COMPLEX	1.17e-06	0.000101448	4.79e-05	VPS54/VPS52	0.3392566	1.95590564666118e-09	1.78031856094795	FALSE	NA	NA	link
USP32	link	16	0.02	link	CNFN	-0.188	no	no	no	no	no	GO_GARP_COMPLEX	1.17e-06	0.000101448	4.79e-05	VPS54/VPS52	NA	NA	NA	NA	NA	NA	link
USP32	link	16	0.02	link	ARL15	-0.187	no	no	no	no	no	GO_GARP_COMPLEX	1.17e-06	0.000101448	4.79e-05	VPS54/VPS52	-0.0234522	0.774139581049626	-0.217669988555925	FALSE	NA	NA	link
USP33	link	48	0.01	link	IFI44	0.288	no	no	no	no	no	none significant	NA	NA	NA	NA	0.2329152	0.0148193471674635	1.19453487017946	FALSE	NA	NA	link
USP33	link	48	0.01	link	DNAJB4	0.259	no	no	no	no	no	none significant	NA	NA	NA	NA	0.1511739	0.0102074643042907	0.744261313481738	FALSE	NA	NA	link
USP33	link	48	0.01	link	NF1	-0.253	no	no	no	no	no	none significant	NA	NA	NA	NA	0.1009574	0.103251125980514	0.467642736826964	FALSE	NA	NA	link
USP33	link	48	0.01	link	TMEM56	0.252	no	no	no	no	no	none significant	NA	NA	NA	NA	0.3098345	2.82435773400065e-06	1.61824634515843	FALSE	NA	NA	link
USP33	link	48	0.01	link	SAMD13	0.248	no	no	no	no	no	none significant	NA	NA	NA	NA	NA	NA	NA	NA	NA	NA	link
USP33	link	48	0.01	link	PSMB3	-0.245	no	no	no	no	no	none significant	NA	NA	NA	NA	-0.003659281	0.963879933094254	-0.108640305451303	FALSE	NA	NA	link
USP33	link	48	0.01	link	WDR63	0.245	no	no	no	no	no	none significant	NA	NA	NA	NA	NA	NA	NA	NA	NA	NA	link
USP34	link	37	0.01	link	LUZP1	-0.21	no	no	no	no	no	none significant	NA	NA	NA	NA	-0.1066663	0.087194875199762	-0.676056492983914	FALSE	NA	NA	link
USP34	link	37	0.01	link	PKN1	0.207	no	no	no	no	no	none significant	NA	NA	NA	NA	0.1533584	0.0100089815637008	0.756294674641962	FALSE	NA	NA	link
USP34	link	37	0.01	link	CLEC2A	-0.203	no	no	no	no	no	none significant	NA	NA	NA	NA	NA	NA	NA	NA	NA	NA	link
USP34	link	37	0.01	link	ZMAT3	0.203	no	no	no	no	no	none significant	NA	NA	NA	NA	-0.09788979	0.221195928174027	-0.627710915251567	FALSE	NA	NA	link
USP34	link	37	0.01	link	BTBD9	0.197	no	no	no	no	no	none significant	NA	NA	NA	NA	NA	NA	NA	NA	NA	NA	link
USP34	link	37	0.01	link	ZHX2	-0.196	no	no	no	no	no	none significant	NA	NA	NA	NA	-0.2015403	0.00047326581979961	-1.1986717855978	FALSE	NA	NA	link
USP34	link	37	0.01	link	RBP5	-0.193	no	no	no	no	no	none significant	NA	NA	NA	NA	NA	NA	NA	NA	NA	NA	link
USP35	link	13	0.06	link	TIGD3	0.266	no	no	no	no	no	GO_CELLULAR_RESPONSE_TO_CALCIUM_ION	0.000110081	0.01078789	0.004055598	RASGRP2/SYT12	NA	NA	NA	NA	NA	NA	link
USP35	link	13	0.06	link	RASGRP2	0.238	no	no	no	no	no	GO_CELLULAR_RESPONSE_TO_CALCIUM_ION	0.000110081	0.01078789	0.004055598	RASGRP2/SYT12	NA	NA	NA	NA	NA	NA	link
USP35	link	13	0.06	link	HSPB6	0.227	no	no	no	no	no	GO_CELLULAR_RESPONSE_TO_CALCIUM_ION	0.000110081	0.01078789	0.004055598	RASGRP2/SYT12	NA	NA	NA	NA	NA	NA	link
USP35	link	13	0.06	link	AHNAK	0.221	no	no	no	no	no	GO_CELLULAR_RESPONSE_TO_CALCIUM_ION	0.000110081	0.01078789	0.004055598	RASGRP2/SYT12	NA	NA	NA	NA	NA	NA	link
USP35	link	13	0.06	link	MS4A15	0.209	no	no	no	no	no	GO_CELLULAR_RESPONSE_TO_CALCIUM_ION	0.000110081	0.01078789	0.004055598	RASGRP2/SYT12	NA	NA	NA	NA	NA	NA	link
USP35	link	13	0.06	link	TENT5A	0.205	no	no	no	no	no	GO_CELLULAR_RESPONSE_TO_CALCIUM_ION	0.000110081	0.01078789	0.004055598	RASGRP2/SYT12	NA	NA	NA	NA	NA	NA	link
USP35	link	13	0.06	link	SYT12	0.203	no	no	no	no	no	GO_CELLULAR_RESPONSE_TO_CALCIUM_ION	0.000110081	0.01078789	0.004055598	RASGRP2/SYT12	NA	NA	NA	NA	NA	NA	link
USP36	link	32	1	link	ANAPC11	0.235	no	no	no	no	no	GO_RNA_HELICASE_ACTIVITY	0.000130542	0.028197171	0.010435609	EIF4A3/DHX37	0.1167772	0.143426896396542	0.554786415875946	FALSE	NA	NA	link
USP36	link	32	1	link	TBCD	0.22	no	no	no	no	no	GO_RNA_HELICASE_ACTIVITY	0.000130542	0.028197171	0.010435609	EIF4A3/DHX37	-0.07432252	0.249649402003576	-0.497890145523713	FALSE	NA	NA	link
USP36	link	32	1	link	EIF4A3	0.212	no	no	no	no	no	GO_RNA_HELICASE_ACTIVITY	0.000130542	0.028197171	0.010435609	EIF4A3/DHX37	0.197923	0.000517871636636783	1.00177964912623	FALSE	NA	NA	link
USP36	link	32	1	link	NPLOC4	0.21	no	no	no	no	no	GO_RNA_HELICASE_ACTIVITY	0.000130542	0.028197171	0.010435609	EIF4A3/DHX37	0.03515546	0.620690268297823	0.10517145778675	FALSE	NA	NA	link
USP36	link	32	1	link	CARS	0.207	no	no	no	no	no	GO_RNA_HELICASE_ACTIVITY	0.000130542	0.028197171	0.010435609	EIF4A3/DHX37	-0.1767886	0.00221063386306268	-1.06232655994914	FALSE	NA	NA	link
USP36	link	32	1	link	DHX37	0.2	no	no	no	no	no	GO_RNA_HELICASE_ACTIVITY	0.000130542	0.028197171	0.010435609	EIF4A3/DHX37	0.4885775	5.51508232537771e-22	2.60285567171453	TRUE	NA	NA	link
USP36	link	32	1	link	RRP12	0.199	no	no	no	no	no	GO_RNA_HELICASE_ACTIVITY	0.000130542	0.028197171	0.010435609	EIF4A3/DHX37	0.4316917	7.86866260927701e-17	2.28949912500442	TRUE	NA	NA	link
USP37	link	31	0.8	link	TIPIN	0.248	no	no	no	no	no	GO_DNA_REPLICATION_CHECKPOINT	1.4e-05	0.001564174	0.000543933	TIPIN/RAD17	NA	NA	NA	NA	NA	NA	link
USP37	link	31	0.8	link	THAP11	-0.207	no	no	no	no	no	GO_DNA_REPLICATION_CHECKPOINT	1.4e-05	0.001564174	0.000543933	TIPIN/RAD17	NA	NA	NA	NA	NA	NA	link
USP37	link	31	0.8	link	RAD17	0.205	no	no	no	no	no	GO_DNA_REPLICATION_CHECKPOINT	1.4e-05	0.001564174	0.000543933	TIPIN/RAD17	NA	NA	NA	NA	NA	NA	link
USP37	link	31	0.8	link	LETM1	-0.204	no	no	no	no	no	GO_DNA_REPLICATION_CHECKPOINT	1.4e-05	0.001564174	0.000543933	TIPIN/RAD17	NA	NA	NA	NA	NA	NA	link
USP37	link	31	0.8	link	ORC4	0.204	no	no	no	no	no	GO_DNA_REPLICATION_CHECKPOINT	1.4e-05	0.001564174	0.000543933	TIPIN/RAD17	NA	NA	NA	NA	NA	NA	link
USP37	link	31	0.8	link	UTP4	-0.203	no	no	no	no	no	GO_DNA_REPLICATION_CHECKPOINT	1.4e-05	0.001564174	0.000543933	TIPIN/RAD17	NA	NA	NA	NA	NA	NA	link
USP37	link	31	0.8	link	APEX2	0.201	no	no	no	no	no	GO_DNA_REPLICATION_CHECKPOINT	1.4e-05	0.001564174	0.000543933	TIPIN/RAD17	NA	NA	NA	NA	NA	NA	link
USP38	link	13	0.02	link	CDKN1A	-0.323	no	no	no	no	no	GO_CELLULAR_RESPONSE_TO_IONIZING_RADIATION	1.33e-11	7.07e-09	1.93e-09	CDKN1A/TP53/CHEK2/TP53BP1/MDM2	-0.09778041	0.348696958025311	-0.627108393373011	FALSE	NA	NA	link
USP38	link	13	0.02	link	TP53	-0.318	no	no	no	no	no	GO_CELLULAR_RESPONSE_TO_IONIZING_RADIATION	1.33e-11	7.07e-09	1.93e-09	CDKN1A/TP53/CHEK2/TP53BP1/MDM2	-0.09712469	0.293732118232755	-0.623496346872676	FALSE	NA	NA	link
USP38	link	13	0.02	link	ADRM1	0.288	no	no	no	no	no	GO_CELLULAR_RESPONSE_TO_IONIZING_RADIATION	1.33e-11	7.07e-09	1.93e-09	CDKN1A/TP53/CHEK2/TP53BP1/MDM2	0.1577295	0.0682065605505227	0.780372964853659	FALSE	NA	NA	link
USP38	link	13	0.02	link	CHEK2	-0.251	no	no	no	no	no	GO_CELLULAR_RESPONSE_TO_IONIZING_RADIATION	1.33e-11	7.07e-09	1.93e-09	CDKN1A/TP53/CHEK2/TP53BP1/MDM2	0.2117424	0.0108354091719634	1.07790408548127	FALSE	NA	NA	link
USP38	link	13	0.02	link	TP53BP1	-0.248	no	no	yes	no	yes	GO_CELLULAR_RESPONSE_TO_IONIZING_RADIATION	1.33e-11	7.07e-09	1.93e-09	CDKN1A/TP53/CHEK2/TP53BP1/MDM2	-0.3037596	0.000123756051470333	-1.76174880754571	FALSE	NA	NA	link
USP38	link	13	0.02	link	MDM2	0.244	no	no	no	no	no	GO_CELLULAR_RESPONSE_TO_IONIZING_RADIATION	1.33e-11	7.07e-09	1.93e-09	CDKN1A/TP53/CHEK2/TP53BP1/MDM2	-0.1056154	0.402728774599028	-0.670267589691042	FALSE	NA	NA	link
USP38	link	13	0.02	link	IPO9	0.223	no	no	no	no	no	GO_CELLULAR_RESPONSE_TO_IONIZING_RADIATION	1.33e-11	7.07e-09	1.93e-09	CDKN1A/TP53/CHEK2/TP53BP1/MDM2	0.3210326	4.33016324892999e-05	1.67993129897317	FALSE	NA	NA	link
USP39	link	41	0.67	link	LSM5	0.357	no	no	no	yes	yes	none significant	NA	NA	NA	NA	-0.5817838	1.09485120774181e-13	-3.29325057448651	TRUE	NA	NA	link
USP39	link	41	0.67	link	ABCE1	0.346	no	no	no	no	no	none significant	NA	NA	NA	NA	0.0245907	0.738323878823449	0.0469752698027351	FALSE	NA	NA	link
USP39	link	41	0.67	link	TTK	0.344	no	no	yes	no	yes	none significant	NA	NA	NA	NA	0.03350964	0.63895268176993	0.0961054259878403	FALSE	NA	NA	link
USP39	link	41	0.67	link	CCT8	0.337	no	no	no	no	no	none significant	NA	NA	NA	NA	0.2131006	0.000164262306370988	1.08538575686045	FALSE	NA	NA	link
USP39	link	41	0.67	link	ANAPC10	0.333	no	no	no	no	no	none significant	NA	NA	NA	NA	0.1397339	0.0186736970065941	0.681243848765348	FALSE	NA	NA	link
USP39	link	41	0.67	link	PES1	0.329	no	no	no	no	no	none significant	NA	NA	NA	NA	0.5894657	5.60888991234823e-34	3.15860030316559	TRUE	NA	NA	link
USP39	link	41	0.67	link	SKP1	0.32	no	no	no	no	no	none significant	NA	NA	NA	NA	-0.1403954	0.0180553301287162	-0.861853902876012	FALSE	NA	NA	link
USP4	link	131	0.06	link	GLT8D1	0.26	no	no	no	no	no	none significant	NA	NA	NA	NA	0.0152146265163537	0.844384322222121	-0.00467301515652756	FALSE	NA	NA	link
USP4	link	131	0.06	link	PPM1M	0.252	no	no	no	no	no	none significant	NA	NA	NA	NA	NA	NA	NA	NA	NA	NA	link
USP4	link	131	0.06	link	TMEM42	0.226	no	no	no	no	no	none significant	NA	NA	NA	NA	NA	NA	NA	NA	NA	NA	link
USP4	link	131	0.06	link	CCKAR	0.221	no	no	no	no	no	none significant	NA	NA	NA	NA	NA	NA	NA	NA	NA	NA	link
USP4	link	131	0.06	link	BBS10	0.214	no	no	no	no	no	none significant	NA	NA	NA	NA	NA	NA	NA	NA	NA	NA	link
USP4	link	131	0.06	link	KLRK1	0.21	no	no	no	no	no	none significant	NA	NA	NA	NA	NA	NA	NA	NA	NA	NA	link
USP4	link	131	0.06	link	CYP8B1	0.209	no	no	no	no	no	none significant	NA	NA	NA	NA	NA	NA	NA	NA	NA	NA	link
USP40	link	12	NA	link	NA	NA	no	no	no	no	no	none significant	NA	NA	NA	NA	NA	NA	NA	NA	NA	NA	link
USP42	link	18	0.01	link	TP53	-0.286	yes	yes	no	yes	yes	GO_DNA_DAMAGE_RESPONSE_SIGNAL_TRANSDUCTION_BY_P53_CLASS_MEDIATOR	3.35e-06	0.001352748	0.000344603	TP53/PPM1D/MDM2	0.09364103	0.151383177948816	0.427340368966207	FALSE	NA	NA	link
USP42	link	18	0.01	link	OCM	0.254	no	no	no	no	no	GO_DNA_DAMAGE_RESPONSE_SIGNAL_TRANSDUCTION_BY_P53_CLASS_MEDIATOR	3.35e-06	0.001352748	0.000344603	TP53/PPM1D/MDM2	NA	NA	NA	NA	NA	NA	link
USP42	link	18	0.01	link	PPM1D	0.243	no	no	no	no	no	GO_DNA_DAMAGE_RESPONSE_SIGNAL_TRANSDUCTION_BY_P53_CLASS_MEDIATOR	3.35e-06	0.001352748	0.000344603	TP53/PPM1D/MDM2	0.4308952	6.96824766440961e-07	2.28511158910874	TRUE	NA	NA	link
USP42	link	18	0.01	link	MDM2	0.24	yes	no	no	yes	yes	GO_DNA_DAMAGE_RESPONSE_SIGNAL_TRANSDUCTION_BY_P53_CLASS_MEDIATOR	3.35e-06	0.001352748	0.000344603	TP53/PPM1D/MDM2	-0.1518198	0.0729773766041049	-0.924785434685971	FALSE	NA	NA	link
USP42	link	18	0.01	link	TARS2	-0.239	no	no	no	no	no	GO_DNA_DAMAGE_RESPONSE_SIGNAL_TRANSDUCTION_BY_P53_CLASS_MEDIATOR	3.35e-06	0.001352748	0.000344603	TP53/PPM1D/MDM2	0.1257764	0.0451159663133095	0.604358685847601	FALSE	NA	NA	link
USP42	link	18	0.01	link	UQCRB	-0.238	no	no	no	no	no	GO_DNA_DAMAGE_RESPONSE_SIGNAL_TRANSDUCTION_BY_P53_CLASS_MEDIATOR	3.35e-06	0.001352748	0.000344603	TP53/PPM1D/MDM2	-0.007118677	0.931262047394416	-0.127696456270361	FALSE	NA	NA	link
USP42	link	18	0.01	link	FAM220A	0.237	no	no	no	no	no	GO_DNA_DAMAGE_RESPONSE_SIGNAL_TRANSDUCTION_BY_P53_CLASS_MEDIATOR	3.35e-06	0.001352748	0.000344603	TP53/PPM1D/MDM2	NA	NA	NA	NA	NA	NA	link
USP43	link	3	NA	link	NA	NA	no	no	no	no	no	none significant	NA	NA	NA	NA	NA	NA	NA	NA	NA	NA	link
USP44	link	36	0.01	link	PLOD1	-0.261	no	no	no	no	no	none significant	NA	NA	NA	NA	NA	NA	NA	NA	NA	NA	link
USP44	link	36	0.01	link	C2CD2L	-0.244	no	no	no	no	no	none significant	NA	NA	NA	NA	NA	NA	NA	NA	NA	NA	link
USP44	link	36	0.01	link	C6	-0.243	no	no	no	no	no	none significant	NA	NA	NA	NA	NA	NA	NA	NA	NA	NA	link
USP44	link	36	0.01	link	ZBTB39	0.238	no	no	no	no	no	none significant	NA	NA	NA	NA	NA	NA	NA	NA	NA	NA	link
USP44	link	36	0.01	link	ABR	0.236	no	no	no	no	no	none significant	NA	NA	NA	NA	NA	NA	NA	NA	NA	NA	link
USP44	link	36	0.01	link	KIAA0232	-0.229	no	no	no	no	no	none significant	NA	NA	NA	NA	NA	NA	NA	NA	NA	NA	link
USP44	link	36	0.01	link	ZSCAN29	0.226	no	no	no	no	no	none significant	NA	NA	NA	NA	NA	NA	NA	NA	NA	NA	link
USP45	link	97	NA	link	NA	NA	no	no	no	no	no	none significant	NA	NA	NA	NA	NA	NA	NA	NA	NA	NA	link
USP46	link	40	NA	link	NA	NA	no	no	no	no	no	none significant	NA	NA	NA	NA	NA	NA	NA	NA	NA	NA	link
USP47	link	31	0	link	MOXD1	0.262	no	no	no	no	no	none significant	NA	NA	NA	NA	-0.03153083	0.682711018165948	-0.262171280599787	FALSE	NA	NA	link
USP47	link	31	0	link	BDNF	0.254	no	no	no	no	no	none significant	NA	NA	NA	NA	NA	NA	NA	NA	NA	NA	link
USP47	link	31	0	link	INS	0.217	no	no	no	no	no	none significant	NA	NA	NA	NA	NA	NA	NA	NA	NA	NA	link
USP47	link	31	0	link	QSER1	0.214	no	no	no	no	no	none significant	NA	NA	NA	NA	-0.2149763	0.000141656886007192	-1.2726842555217	FALSE	NA	NA	link
USP47	link	31	0	link	KCNJ11	0.21	no	no	no	no	no	none significant	NA	NA	NA	NA	NA	NA	NA	NA	NA	NA	link
USP47	link	31	0	link	OLFML1	0.205	no	no	no	no	no	none significant	NA	NA	NA	NA	NA	NA	NA	NA	NA	NA	link
USP47	link	31	0	link	PRMT3	0.204	no	no	no	no	no	none significant	NA	NA	NA	NA	0.6794473	4.95804219766667e-49	3.65426571427786	TRUE	NA	NA	link
USP48	link	28	0.01	link	ACOT7	0.227	no	no	no	no	no	none significant	NA	NA	NA	NA	0.2590358	2.83455716382456e-06	1.33842070836748	FALSE	NA	NA	link
USP48	link	28	0.01	link	PIK3R3	0.21	no	no	no	no	no	none significant	NA	NA	NA	NA	-0.1376237	0.0313175823497987	-0.846585938981395	FALSE	NA	NA	link
USP48	link	28	0.01	link	HIST1H1B	0.192	no	no	no	no	no	none significant	NA	NA	NA	NA	0.1037175	0.092999869139889	0.482846801893722	FALSE	NA	NA	link
USP48	link	28	0.01	link	KIAA0319L	0.188	no	no	no	no	no	none significant	NA	NA	NA	NA	0.0554775	0.408591387643767	0.217115814313418	FALSE	NA	NA	link
USP48	link	28	0.01	link	GALNT4	-0.181	no	no	no	no	no	none significant	NA	NA	NA	NA	NA	NA	NA	NA	NA	NA	link
USP48	link	28	0.01	link	CLCNKA	0.176	no	no	no	no	no	none significant	NA	NA	NA	NA	NA	NA	NA	NA	NA	NA	link
USP48	link	28	0.01	link	ZNF101	-0.174	no	no	no	no	no	none significant	NA	NA	NA	NA	NA	NA	NA	NA	NA	NA	link
USP49	link	16	NA	link	NA	NA	no	no	no	no	no	none significant	NA	NA	NA	NA	NA	NA	NA	NA	NA	NA	link
USP5	link	87	1	link	HSPE1	0.401	no	no	no	no	no	GO_REGULATION_OF_CELL_CYCLE_PHASE_TRANSITION	1.31e-05	0.003932345	0.001973071	PSMD7/CHEK1/ANAPC4/NEDD1	-0.0354028252620863	0.617986741004448	-0.283500242558751	FALSE	NA	NA	link
USP5	link	87	1	link	RAN	0.397	no	no	no	no	no	GO_REGULATION_OF_CELL_CYCLE_PHASE_TRANSITION	1.31e-05	0.003932345	0.001973071	PSMD7/CHEK1/ANAPC4/NEDD1	0.495712206797947	1.04796068776294e-22	2.64215734425836	TRUE	NA	NA	link
USP5	link	87	1	link	PSMD7	0.392	no	no	no	no	no	GO_REGULATION_OF_CELL_CYCLE_PHASE_TRANSITION	1.31e-05	0.003932345	0.001973071	PSMD7/CHEK1/ANAPC4/NEDD1	0.291004187401537	9.79271767052552e-08	1.51451919832519	FALSE	NA	NA	link
USP5	link	87	1	link	CHEK1	0.391	no	no	no	no	no	GO_REGULATION_OF_CELL_CYCLE_PHASE_TRANSITION	1.31e-05	0.003932345	0.001973071	PSMD7/CHEK1/ANAPC4/NEDD1	0.380464818733686	1.11393694036042e-12	2.00731484329719	TRUE	NA	NA	link
USP5	link	87	1	link	SARS	0.391	no	no	no	no	no	GO_REGULATION_OF_CELL_CYCLE_PHASE_TRANSITION	1.31e-05	0.003932345	0.001973071	PSMD7/CHEK1/ANAPC4/NEDD1	0.47149925310628	2.507250985876e-20	2.50877981323177	TRUE	NA	NA	link
USP5	link	87	1	link	ANAPC4	0.384	no	no	no	no	no	GO_REGULATION_OF_CELL_CYCLE_PHASE_TRANSITION	1.31e-05	0.003932345	0.001973071	PSMD7/CHEK1/ANAPC4/NEDD1	-0.0349816194337155	0.622649414498024	-0.281180021979407	FALSE	NA	NA	link
USP5	link	87	1	link	NEDD1	0.373	no	no	no	no	no	GO_REGULATION_OF_CELL_CYCLE_PHASE_TRANSITION	1.31e-05	0.003932345	0.001973071	PSMD7/CHEK1/ANAPC4/NEDD1	0.25584090336988	3.8688850203665e-06	1.32082155752297	FALSE	NA	NA	link
USP50	link	7	0.02	link	SEMG1	-0.24	no	no	no	no	no	none significant	NA	NA	NA	NA	NA	NA	NA	NA	NA	NA	link
USP50	link	7	0.02	link	EPB42	0.227	no	no	no	no	no	none significant	NA	NA	NA	NA	NA	NA	NA	NA	NA	NA	link
USP50	link	7	0.02	link	CTXN2	0.223	no	no	no	no	no	none significant	NA	NA	NA	NA	NA	NA	NA	NA	NA	NA	link
USP50	link	7	0.02	link	RNF122	0.215	no	no	no	no	no	none significant	NA	NA	NA	NA	NA	NA	NA	NA	NA	NA	link
USP50	link	7	0.02	link	TRIM69	0.215	no	no	no	no	no	none significant	NA	NA	NA	NA	NA	NA	NA	NA	NA	NA	link
USP50	link	7	0.02	link	STARD9	0.213	no	no	no	no	no	none significant	NA	NA	NA	NA	NA	NA	NA	NA	NA	NA	link
USP50	link	7	0.02	link	RNF39	-0.211	no	no	no	no	no	none significant	NA	NA	NA	NA	NA	NA	NA	NA	NA	NA	link
USP51	link	11	0	link	SLC9A7	0.23	no	no	no	no	no	GO_INORGANIC_ION_IMPORT_ACROSS_PLASMA_MEMBRANE	0.000287173	0.046809173	0.009547641	SLC9A7/WNK3	0.006433813	0.957329620464121	-0.0530422988932429	FALSE	NA	NA	link
USP51	link	11	0	link	PAGE4	0.225	no	no	no	no	no	GO_INORGANIC_ION_IMPORT_ACROSS_PLASMA_MEMBRANE	0.000287173	0.046809173	0.009547641	SLC9A7/WNK3	NA	NA	NA	NA	NA	NA	link
USP51	link	11	0	link	WNK3	0.224	no	no	no	no	no	GO_INORGANIC_ION_IMPORT_ACROSS_PLASMA_MEMBRANE	0.000287173	0.046809173	0.009547641	SLC9A7/WNK3	NA	NA	NA	NA	NA	NA	link
USP51	link	11	0	link	GPR173	0.219	no	no	no	no	no	GO_INORGANIC_ION_IMPORT_ACROSS_PLASMA_MEMBRANE	0.000287173	0.046809173	0.009547641	SLC9A7/WNK3	NA	NA	NA	NA	NA	NA	link
USP51	link	11	0	link	TIMP1	0.217	no	no	no	no	no	GO_INORGANIC_ION_IMPORT_ACROSS_PLASMA_MEMBRANE	0.000287173	0.046809173	0.009547641	SLC9A7/WNK3	0.05997775	0.553807076460397	0.241905529837014	FALSE	NA	NA	link
USP51	link	11	0	link	SLCO1B7	0.212	no	no	no	no	no	GO_INORGANIC_ION_IMPORT_ACROSS_PLASMA_MEMBRANE	0.000287173	0.046809173	0.009547641	SLC9A7/WNK3	NA	NA	NA	NA	NA	NA	link
USP51	link	11	0	link	MAGEH1	0.212	no	no	no	no	no	GO_INORGANIC_ION_IMPORT_ACROSS_PLASMA_MEMBRANE	0.000287173	0.046809173	0.009547641	SLC9A7/WNK3	NA	NA	NA	NA	NA	NA	link
USP53	link	6	0.02	link	ADH5	0.278	no	no	no	no	no	GO_G_PROTEIN_BETA_GAMMA_SUBUNIT_COMPLEX_BINDING	1.58e-05	0.002005786	0.000930991	GNA14/GNAT3	0.1043463	0.347801077293446	0.486310559045266	FALSE	NA	NA	link
USP53	link	6	0.02	link	GNA14	-0.259	no	no	no	no	no	GO_G_PROTEIN_BETA_GAMMA_SUBUNIT_COMPLEX_BINDING	1.58e-05	0.002005786	0.000930991	GNA14/GNAT3	NA	NA	NA	NA	NA	NA	link
USP53	link	6	0.02	link	SMPDL3A	0.255	no	no	no	no	no	GO_G_PROTEIN_BETA_GAMMA_SUBUNIT_COMPLEX_BINDING	1.58e-05	0.002005786	0.000930991	GNA14/GNAT3	0.004711868	0.973555761924997	-0.0625276667499794	FALSE	NA	NA	link
USP53	link	6	0.02	link	WDFY4	-0.24	no	no	no	no	no	GO_G_PROTEIN_BETA_GAMMA_SUBUNIT_COMPLEX_BINDING	1.58e-05	0.002005786	0.000930991	GNA14/GNAT3	NA	NA	NA	NA	NA	NA	link
USP53	link	6	0.02	link	GNAT3	0.239	no	no	no	no	no	GO_G_PROTEIN_BETA_GAMMA_SUBUNIT_COMPLEX_BINDING	1.58e-05	0.002005786	0.000930991	GNA14/GNAT3	NA	NA	NA	NA	NA	NA	link
USP53	link	6	0.02	link	RUFY3	0.23	no	no	no	no	no	GO_G_PROTEIN_BETA_GAMMA_SUBUNIT_COMPLEX_BINDING	1.58e-05	0.002005786	0.000930991	GNA14/GNAT3	-0.007397377	0.956475784408734	-0.129231680694877	FALSE	NA	NA	link
USP53	link	6	0.02	link	TMEM192	0.223	no	no	no	no	no	GO_G_PROTEIN_BETA_GAMMA_SUBUNIT_COMPLEX_BINDING	1.58e-05	0.002005786	0.000930991	GNA14/GNAT3	0.07810719	0.499068934688946	0.341771906194349	FALSE	NA	NA	link
USP54	link	7	NA	link	NA	NA	no	no	no	no	no	none significant	NA	NA	NA	NA	NA	NA	NA	NA	NA	NA	link
USP6	link	152	0.14	link	CCDC144A	0.301	no	no	no	no	no	none significant	NA	NA	NA	NA	NA	NA	NA	NA	NA	NA	link
USP6	link	152	0.14	link	CCDC144NL	0.299	no	no	no	no	no	none significant	NA	NA	NA	NA	NA	NA	NA	NA	NA	NA	link
USP6	link	152	0.14	link	TVP23B	0.285	no	no	no	no	no	none significant	NA	NA	NA	NA	NA	NA	NA	NA	NA	NA	link
USP6	link	152	0.14	link	GID4	0.281	no	no	no	no	no	none significant	NA	NA	NA	NA	NA	NA	NA	NA	NA	NA	link
USP6	link	152	0.14	link	SMCR8	0.262	no	no	no	no	no	none significant	NA	NA	NA	NA	NA	NA	NA	NA	NA	NA	link
USP6	link	152	0.14	link	MTRNR2L1	0.251	no	no	no	no	no	none significant	NA	NA	NA	NA	NA	NA	NA	NA	NA	NA	link
USP6	link	152	0.14	link	TNFSF12	0.248	no	no	no	no	no	none significant	NA	NA	NA	NA	NA	NA	NA	NA	NA	NA	link
USP7	link	469	0.81	link	MDM2	0.499	yes	yes	no	yes	yes	GO_RESPONSE_TO_IONIZING_RADIATION	1.61e-10	8.11e-08	9.67e-09	MDM2/TP53/TP53BP1/CDKN1A/USP28	0.165599602755447	0.0376215958492717	0.823725580474791	FALSE	NA	NA	link
USP7	link	469	0.81	link	TP53	-0.44	yes	yes	yes	yes	yes	GO_RESPONSE_TO_IONIZING_RADIATION	1.61e-10	8.11e-08	9.67e-09	MDM2/TP53/TP53BP1/CDKN1A/USP28	-0.013399997233412	0.862141597376538	-0.162297232160343	FALSE	NA	NA	link
USP7	link	469	0.81	link	PPM1D	0.4	no	no	no	no	no	GO_RESPONSE_TO_IONIZING_RADIATION	1.61e-10	8.11e-08	9.67e-09	MDM2/TP53/TP53BP1/CDKN1A/USP28	0.114448698899198	0.279020496518597	0.541959821823335	FALSE	NA	NA	link
USP7	link	469	0.81	link	TP53BP1	-0.377	no	yes	yes	yes	yes	GO_RESPONSE_TO_IONIZING_RADIATION	1.61e-10	8.11e-08	9.67e-09	MDM2/TP53/TP53BP1/CDKN1A/USP28	0.014606071547863	0.848970620855413	-0.00802525215432886	FALSE	NA	NA	link
USP7	link	469	0.81	link	C16orf72	0.359	no	no	no	no	no	GO_RESPONSE_TO_IONIZING_RADIATION	1.61e-10	8.11e-08	9.67e-09	MDM2/TP53/TP53BP1/CDKN1A/USP28	0.34438872066302	0.000670884610357756	1.80858894843065	FALSE	NA	NA	link
USP7	link	469	0.81	link	CDKN1A	-0.342	no	no	no	no	no	GO_RESPONSE_TO_IONIZING_RADIATION	1.61e-10	8.11e-08	9.67e-09	MDM2/TP53/TP53BP1/CDKN1A/USP28	-0.006049001228683	0.947559805431329	-0.121804126272376	FALSE	NA	NA	link
USP7	link	469	0.81	link	USP28	-0.331	yes	no	no	yes	yes	GO_RESPONSE_TO_IONIZING_RADIATION	1.61e-10	8.11e-08	9.67e-09	MDM2/TP53/TP53BP1/CDKN1A/USP28	0.159773368144347	0.00627694022846461	0.79163165267458	FALSE	NA	NA	link
USP8	link	196	0.98	link	PTPN23	0.563	yes	no	no	yes	yes	GO_ENDOSOMAL_TRANSPORT	1.62e-11	3.62e-09	1.45e-09	PTPN23/UBAP1/HGS/CLTC/VPS37A/VPS36	0.496720237849148	8.26051509541013e-23	2.6477101031047	TRUE	NA	NA	link
USP8	link	196	0.98	link	UBAP1	0.454	no	no	no	no	no	GO_ENDOSOMAL_TRANSPORT	1.62e-11	3.62e-09	1.45e-09	PTPN23/UBAP1/HGS/CLTC/VPS37A/VPS36	0.301920887489812	2.78159639791628e-08	1.57465405519864	FALSE	NA	NA	link
USP8	link	196	0.98	link	HGS	0.438	no	no	no	yes	yes	GO_ENDOSOMAL_TRANSPORT	1.62e-11	3.62e-09	1.45e-09	PTPN23/UBAP1/HGS/CLTC/VPS37A/VPS36	0.146780263631614	0.0129461190106368	0.720058881242104	FALSE	NA	NA	link
USP8	link	196	0.98	link	STAMBP	0.377	no	no	no	yes	yes	GO_ENDOSOMAL_TRANSPORT	1.62e-11	3.62e-09	1.45e-09	PTPN23/UBAP1/HGS/CLTC/VPS37A/VPS36	0.321562629789823	2.50643664732273e-09	1.6828509784818	FALSE	97.75	kd	link
USP8	link	196	0.98	link	CLTC	0.346	no	no	no	no	no	GO_ENDOSOMAL_TRANSPORT	1.62e-11	3.62e-09	1.45e-09	PTPN23/UBAP1/HGS/CLTC/VPS37A/VPS36	0.349091435804161	6.25093904794137e-11	1.83449394716125	FALSE	NA	NA	link
USP8	link	196	0.98	link	VPS37A	0.343	no	no	no	no	no	GO_ENDOSOMAL_TRANSPORT	1.62e-11	3.62e-09	1.45e-09	PTPN23/UBAP1/HGS/CLTC/VPS37A/VPS36	0.374376779328813	1.48275815341204e-12	1.97377875864784	FALSE	NA	NA	link
USP8	link	196	0.98	link	VPS36	0.324	no	no	no	no	no	GO_ENDOSOMAL_TRANSPORT	1.62e-11	3.62e-09	1.45e-09	PTPN23/UBAP1/HGS/CLTC/VPS37A/VPS36	0.488015782016231	6.28003462126394e-22	2.59976143716709	TRUE	NA	NA	link
USP9X	link	259	0.92	link	UCHL5	0.24	no	no	no	no	no	GO_NEGATIVE_REGULATION_OF_PROTEASOMAL_UBIQUITIN_DEPENDENT_PROTEIN_CATABOLIC_PROCESS	6.51e-05	0.011519878	0.003684339	UCHL5/USP7	-0.03957803	0.57193676981337	-0.306499439871267	FALSE	NA	NA	link
USP9X	link	259	0.92	link	RNF25	0.225	no	no	no	no	no	GO_NEGATIVE_REGULATION_OF_PROTEASOMAL_UBIQUITIN_DEPENDENT_PROTEIN_CATABOLIC_PROCESS	6.51e-05	0.011519878	0.003684339	UCHL5/USP7	0.302649662691789	5.77350352601198e-08	1.57866852771409	FALSE	NA	NA	link
USP9X	link	259	0.92	link	TUBD1	0.22	no	no	no	no	no	GO_NEGATIVE_REGULATION_OF_PROTEASOMAL_UBIQUITIN_DEPENDENT_PROTEIN_CATABOLIC_PROCESS	6.51e-05	0.011519878	0.003684339	UCHL5/USP7	NA	NA	NA	NA	NA	NA	link
USP9X	link	259	0.92	link	FAAP24	0.202	no	no	no	no	no	GO_NEGATIVE_REGULATION_OF_PROTEASOMAL_UBIQUITIN_DEPENDENT_PROTEIN_CATABOLIC_PROCESS	6.51e-05	0.011519878	0.003684339	UCHL5/USP7	NA	NA	NA	NA	NA	NA	link
USP9X	link	259	0.92	link	UBE2N	0.196	no	no	no	no	no	GO_NEGATIVE_REGULATION_OF_PROTEASOMAL_UBIQUITIN_DEPENDENT_PROTEIN_CATABOLIC_PROCESS	6.51e-05	0.011519878	0.003684339	UCHL5/USP7	0.2420887	1.40320102991066e-05	1.24506727512489	FALSE	NA	NA	link
USP9X	link	259	0.92	link	USP7	0.195	yes	yes	no	yes	yes	GO_NEGATIVE_REGULATION_OF_PROTEASOMAL_UBIQUITIN_DEPENDENT_PROTEIN_CATABOLIC_PROCESS	6.51e-05	0.011519878	0.003684339	UCHL5/USP7	0.0712124	0.272799040467775	0.303791820044706	FALSE	NA	NA	link
USP9X	link	259	0.92	link	CEP120	0.188	no	no	no	no	no	GO_NEGATIVE_REGULATION_OF_PROTEASOMAL_UBIQUITIN_DEPENDENT_PROTEIN_CATABOLIC_PROCESS	6.51e-05	0.011519878	0.003684339	UCHL5/USP7	-0.004490966	0.961376456438051	-0.113221658610626	FALSE	NA	NA	link
USP9Y	link	82	NA	link	NA	NA	no	no	no	no	no	none significant	NA	NA	NA	NA	NA	NA	NA	NA	NA	NA	link
USPL1	link	5	0.99	link	ICE2	0.388	no	no	no	no	no	GO_CORE_MEDIATOR_COMPLEX	3.26e-06	0.000355698	0.000161447	MED4/MED26	NA	NA	NA	NA	NA	NA	link
USPL1	link	5	0.99	link	MED4	0.265	no	no	no	no	no	GO_CORE_MEDIATOR_COMPLEX	3.26e-06	0.000355698	0.000161447	MED4/MED26	NA	NA	NA	NA	NA	NA	link
USPL1	link	5	0.99	link	EAF1	0.262	yes	yes	no	yes	yes	GO_CORE_MEDIATOR_COMPLEX	3.26e-06	0.000355698	0.000161447	MED4/MED26	NA	NA	NA	NA	NA	NA	link
USPL1	link	5	0.99	link	CD2BP2	0.258	no	no	no	no	no	GO_CORE_MEDIATOR_COMPLEX	3.26e-06	0.000355698	0.000161447	MED4/MED26	NA	NA	NA	NA	NA	NA	link
USPL1	link	5	0.99	link	SKA3	0.248	no	no	no	no	no	GO_CORE_MEDIATOR_COMPLEX	3.26e-06	0.000355698	0.000161447	MED4/MED26	NA	NA	NA	NA	NA	NA	link
USPL1	link	5	0.99	link	NUP58	0.236	no	no	no	no	no	GO_CORE_MEDIATOR_COMPLEX	3.26e-06	0.000355698	0.000161447	MED4/MED26	NA	NA	NA	NA	NA	NA	link
USPL1	link	5	0.99	link	MED26	0.226	no	no	no	no	no	GO_CORE_MEDIATOR_COMPLEX	3.26e-06	0.000355698	0.000161447	MED4/MED26	NA	NA	NA	NA	NA	NA	link
VCPIP1	link	5	0.35	link	HUWE1	0.415	yes	yes	no	yes	yes	GO_BASE_EXCISION_REPAIR	4.76e-05	0.014766161	0.004132254	HUWE1/TP53	0.4463572	4.57024728161743e-18	2.37028431982944	TRUE	NA	NA	link
VCPIP1	link	5	0.35	link	C16orf72	0.331	no	no	no	no	no	GO_BASE_EXCISION_REPAIR	4.76e-05	0.014766161	0.004132254	HUWE1/TP53	-0.07976052	0.523534063165331	-0.527845475342571	FALSE	NA	NA	link
VCPIP1	link	5	0.35	link	C8orf44	0.223	no	no	no	no	no	GO_BASE_EXCISION_REPAIR	4.76e-05	0.014766161	0.004132254	HUWE1/TP53	NA	NA	NA	NA	NA	NA	link
VCPIP1	link	5	0.35	link	OTUD5	0.217	no	no	no	no	no	GO_BASE_EXCISION_REPAIR	4.76e-05	0.014766161	0.004132254	HUWE1/TP53	0.003707916	0.964281858309665	-0.0680579560626498	FALSE	NA	NA	link
VCPIP1	link	5	0.35	link	PPP2R5C	0.215	no	no	no	no	no	GO_BASE_EXCISION_REPAIR	4.76e-05	0.014766161	0.004132254	HUWE1/TP53	0.175161	0.0522683863494007	0.87639472501133	FALSE	NA	NA	link
VCPIP1	link	5	0.35	link	POM121	0.21	no	no	no	no	no	GO_BASE_EXCISION_REPAIR	4.76e-05	0.014766161	0.004132254	HUWE1/TP53	-0.23431	2.81241667554307e-05	-1.37918432174436	FALSE	NA	NA	link
VCPIP1	link	5	0.35	link	TP53	-0.206	no	no	no	no	no	GO_BASE_EXCISION_REPAIR	4.76e-05	0.014766161	0.004132254	HUWE1/TP53	0.01913473	0.799320923725008	0.016920951885892	FALSE	NA	NA	link
YOD1	link	34	NA	link	NA	NA	no	no	no	no	no	none significant	NA	NA	NA	NA	NA	NA	NA	NA	NA	NA	link
ZRANB1	link	11	0.02	link	HECTD1	0.451	yes	yes	no	yes	yes	none significant	NA	NA	NA	NA	NA	NA	NA	NA	NA	NA	link
ZRANB1	link	11	0.02	link	ZGPAT	0.247	no	no	no	no	no	none significant	NA	NA	NA	NA	NA	NA	NA	NA	-90.91	kd	link
ZRANB1	link	11	0.02	link	OR2L5	0.241	no	no	no	no	no	none significant	NA	NA	NA	NA	NA	NA	NA	NA	NA	NA	link
ZRANB1	link	11	0.02	link	TEX36	0.233	no	no	no	no	no	none significant	NA	NA	NA	NA	NA	NA	NA	NA	NA	NA	link
ZRANB1	link	11	0.02	link	KCMF1	0.224	no	no	no	no	no	none significant	NA	NA	NA	NA	NA	NA	NA	NA	NA	NA	link
ZRANB1	link	11	0.02	link	SNX1	-0.221	no	no	no	no	no	none significant	NA	NA	NA	NA	NA	NA	NA	NA	NA	NA	link
ZRANB1	link	11	0.02	link	METTL13	-0.215	no	no	no	no	no	none significant	NA	NA	NA	NA	NA	NA	NA	NA	NA	NA	link
ZUP1	notscreened	5	NA	link	NA	NA	no	no	no	no	no	none significant	NA	NA	NA	NA	NA	NA	NA	NA	NA	NA	link
MINDY4B	notscreened	0	NA	NA	NA	NA	NA	NA	NA	NA	NA	NA	NA	NA	NA	NA	NA	NA	NA	NA	NA	NA	NA
OTULINL	notscreened	1	0.001265823	NA	NA	NA	NA	NA	NA	NA	NA	NA	NA	NA	NA	NA	NA	NA	NA	NA	NA	NA	NA
USP41	notscreened	2	NA	NA	NA	NA	NA	NA	NA	NA	NA	NA	NA	NA	NA	NA	NA	NA	NA	NA	NA	NA	NA
USP17L1	notscreened	0	NA	NA	NA	NA	NA	NA	NA	NA	NA	NA	NA	NA	NA	NA	NA	NA	NA	NA	NA	NA	NA
ATXN3L	notscreened	6	0	NA	NA	NA	NA	NA	NA	NA	NA	NA	NA	NA	NA	NA	NA	NA	NA	NA	NA	NA	NA
